dataset,n_rows,n_classes,kl_prior_uniform,shrink,max_diff_vs_stored,brier_uniform,ece_uniform,gap_uniform,prauc_uniform,brier_prior,ece_prior,gap_prior,prauc_prior
abalone-3class,4177,3,0.000692,25.308594,0.0,0.43499,0.012455,-0.004626,0.717495,0.434164,0.023323,-0.007556,0.718069
abalone-7class,3295,7,0.059457,11.596268,0.0,0.752531,0.02065,0.007583,0.329573,0.752706,0.024831,0.008087,0.330957
appendicitis,106,2,0.195372,0.685494,0.0,0.344561,0.24013,-0.233492,0.738576,0.271191,0.150314,0.005212,0.716317
artificial-characters,10000,10,0.025741,127.7628,0.0,0.15939,0.042159,-0.042048,0.950066,0.158252,0.044429,-0.044088,0.948677
autoUniv-au1-1000,1000,2,0.121139,0.535119,0.0,0.395748,0.143956,-0.13212,0.850072,0.358763,0.105095,0.013303,0.848822
autoUniv-au4-2500,2500,3,0.185117,17.618746,0.0,0.461814,0.046759,0.010196,0.699542,0.465997,0.054286,0.02306,0.695744
autoUniv-au6-1000,1000,8,0.054341,10.882313,0.0,0.837258,0.045909,-0.040255,0.228699,0.836682,0.032571,-0.013827,0.229117
autoUniv-au6-250-drift-au6-cd1-500,750,8,0.073714,15.293124,0.0,0.854612,0.048942,0.032669,0.220053,0.85166,0.072277,0.026054,0.232317
autoUniv-au6-cd1-400,400,8,0.160137,40.472656,0.0,0.856585,0.166501,0.113828,0.334574,0.847439,0.154846,0.136022,0.330274
autoUniv-au7-300-drift-au7-cpd1-800,1100,5,0.028605,17.493318,0.0,0.723854,0.057443,0.033318,0.395881,0.724495,0.064052,0.033619,0.391323
autoUniv-au7-700,700,3,0.001765,3.515837,0.0,0.585971,0.06352,-0.041406,0.552031,0.584418,0.048268,-0.028063,0.549685
autoUniv-au7-cpd1-500,500,5,0.120436,5.456074,0.0,0.680192,0.076136,-0.038197,0.473692,0.677841,0.076805,0.008121,0.471607
balance-scale,625,3,0.184964,101.260905,0.0,0.107288,0.06201,-0.03809,0.957892,0.10878,0.063131,-0.035292,0.958846
banana,5300,2,0.005355,9.465896,0.0,0.135547,0.018291,-0.01177,0.967346,0.135279,0.016325,-0.012207,0.967352
bank-marketing,4521,2,0.335815,17.706824,0.0,0.143163,0.027982,0.025251,0.55785,0.1446,0.03079,0.03079,0.555197
bank-marketing-full,10000,2,0.33835,19.307152,0.0,0.129315,0.015655,0.007666,0.589905,0.129929,0.016644,0.008079,0.58907
blogger,100,2,0.066278,4.182123,0.0,0.376825,0.155726,0.043315,0.851452,0.378809,0.159992,0.062774,0.85909
blood-transfusion-service,748,2,0.144421,3.385309,0.0,0.31958,0.075233,-0.02855,0.516236,0.317841,0.065042,0.009739,0.520178
breast-cancer-wisconsin,699,2,0.048993,7.973876,0.0,0.058069,0.024168,0.014239,0.983216,0.056154,0.019813,0.007379,0.9852
bupa,345,2,0.012762,34.497011,0.0,0.382524,0.099284,0.015853,0.790531,0.38859,0.091896,0.02771,0.796015
car-evaluation,1728,4,0.550538,28.65005,0.0,0.011982,0.013988,-0.009888,0.999179,0.010355,0.014977,-0.012424,0.999548
cardiotocography-3class,2126,3,0.423345,15.816487,0.0,0.020767,0.007055,0.003389,0.996721,0.020559,0.005445,0.003146,0.996763
climate-simulation-craches,540,2,0.401893,0.779153,0.0,0.205925,0.145338,-0.106297,0.984064,0.150443,0.042235,0.032947,0.982946
colon32,62,2,0.042757,5.146131,0.0,0.354983,0.230919,-0.108237,0.875744,0.321363,0.257597,0.027619,0.891378
connectionist-mines-vs-rocks,208,2,0.002267,6.592077,0.0,0.189912,0.069158,-0.02332,0.962714,0.189305,0.077364,-0.018743,0.963746
contraceptive-method-choice,1473,3,0.031835,17.427945,0.0,0.542355,0.042218,-0.006756,0.615878,0.541113,0.036808,-0.003689,0.617458
dermatology,366,6,0.105612,8.542329,0.0,0.04809,0.052752,-0.037176,0.994229,0.051372,0.048504,-0.03275,0.993204
eeg-eye-state,10000,2,0.005335,51.663026,0.0,0.083436,0.008033,0.00256,0.986162,0.082617,0.005848,0.001231,0.986092
flare,1389,6,0.152083,13.349835,0.0,0.333748,0.043456,-0.00164,0.734919,0.332927,0.044066,-0.002942,0.73626
glioma16,50,2,0.007217,37.439324,0.0,0.258212,0.155716,-0.071559,0.907804,0.264177,0.117333,0.040231,0.922189
habermans-survival,306,2,0.115225,1.679911,0.0,0.383329,0.108165,-0.015922,0.440076,0.37775,0.087383,0.031417,0.474411
hayes-roth,160,3,0.048172,59.93281,0.0,0.212215,0.118385,0.01715,0.938266,0.212841,0.108643,0.017177,0.93838
heart-disease-processed-hungarian,294,2,0.039417,1.786469,0.0,0.316621,0.137191,-0.12172,0.850147,0.310348,0.085794,-0.049002,0.847885
hepatitis,155,2,0.18393,0.656184,0.0,0.334162,0.184299,-0.089623,0.958003,0.303788,0.155834,0.047809,0.956343
hill-valley-with-noise,1212,2,0.0,62.366403,0.0,0.576605,0.17239,0.166443,0.556032,0.57839,0.163492,0.162361,0.564604
hill-valley-without-noise,1212,2,4.9e-05,64.902105,0.0,0.584239,0.217322,0.215872,0.619862,0.610226,0.245132,0.245132,0.598145
indian-liver-patient,583,2,0.094205,4.792236,0.0,0.380305,0.098427,0.011196,0.501778,0.368085,0.056727,0.052005,0.512005
ionosphere,351,2,0.040321,30.500885,0.0,0.115327,0.047392,0.00873,0.976767,0.110505,0.036941,0.005542,0.971681
iris,150,3,0.0,4.467465,0.0,0.16578,0.155491,-0.152082,0.992776,0.165825,0.162195,-0.158783,0.992776
led7digit,500,10,0.006668,0.739572,0.0,0.663566,0.450834,-0.447383,0.764288,0.663532,0.436957,-0.430539,0.763057
leukemia-haslinger,100,2,0.0002,3.340322,0.0,0.397385,0.262754,-0.10405,0.916777,0.397093,0.274344,-0.106661,0.930887
lsvt-voice-rehabilitation,126,2,0.056633,19.712543,0.0,0.300026,0.135758,0.075254,0.912149,0.300858,0.120562,0.078682,0.904014
magic,10000,2,0.04266,38.456375,0.0,0.177394,0.00869,-0.002593,0.911528,0.17779,0.012937,-0.001738,0.911488
mammographic-mass,961,2,0.002732,0.527783,0.0,0.318476,0.162865,-0.15949,0.873064,0.318698,0.158926,-0.149861,0.87248
mfeat-fourier,2000,10,0.0,55.57394,0.0,0.237959,0.04968,0.040995,0.87238,0.237959,0.04968,0.040995,0.87238
molecular-promotor-gene,106,2,0.0,1.149586,0.0,0.318672,0.237745,-0.237745,0.93479,0.313813,0.236011,-0.236011,0.935312
molecular-splice-junction,3190,3,0.072637,68.71527,0.0,0.064648,0.014071,0.006942,0.988647,0.063642,0.01427,0.005313,0.988664
monks1,556,2,0.0,6.749935,0.0,0.001066,0.016586,-0.016586,1.0,0.001037,0.015243,-0.015243,1.0
monks3,554,2,0.000789,12.055403,0.0,0.113352,0.147929,-0.117789,0.994897,0.108893,0.137404,-0.113347,0.99416
mushroom,8124,2,0.000646,6.749935,0.0,2e-06,0.00035,-0.00035,1.0,2e-06,0.00033,-0.00033,1.0
mushroom-expanded,8416,2,0.002215,6.749935,0.0,3e-06,0.000283,-0.000283,1.0,3e-06,0.000283,-0.000283,1.0
nursery-4class,10000,4,0.198381,70.226657,0.0,0.000408,0.00458,-0.00458,1.0,0.00038,0.004573,-0.004573,1.0
optdigits,5620,10,6.6e-05,81.851265,0.0,0.021153,0.007098,0.006709,0.998611,0.022118,0.00798,0.0071,0.998637
ozone-eighthr,2534,2,0.457622,21.671186,0.0,0.091523,0.031389,0.027528,0.508044,0.092152,0.029572,0.028404,0.513191
ozone-onehr,2536,2,0.562652,4.116505,0.0,0.049242,0.010253,0.008147,0.317715,0.049673,0.014137,0.012748,0.322448
page-blocks,5473,5,1.168969,10.394175,0.0,0.041327,0.007936,-0.006066,0.990282,0.042337,0.006015,-9.9e-05,0.99013
parkinsons,195,2,0.135077,9.955417,0.0,0.110112,0.0622,0.033835,0.992358,0.116857,0.07332,0.046218,0.992176
pendigits,10000,10,0.000795,59.093776,0.0,0.009855,0.002969,0.002357,0.999061,0.009589,0.003248,0.002262,0.999076
phoneme,5404,2,0.087903,52.3726,0.0,0.142117,0.049966,0.049966,0.91911,0.143915,0.051594,0.050139,0.914269
pima-indians-diabetes,768,2,0.046348,14.578384,0.0,0.307426,0.037479,0.00628,0.727361,0.310498,0.036451,0.014979,0.714077
planning-relax,182,2,0.094878,52.170113,0.0,0.544029,0.252173,0.202173,0.363742,0.522476,0.241089,0.20279,0.367405
qsar-biodegradation,1055,2,0.053824,18.472266,0.0,0.207845,0.056874,0.045832,0.883066,0.205035,0.050309,0.04923,0.88415
ringnorm,7400,2,4.7e-05,42.528213,0.0,0.045299,0.011292,-0.010473,0.995867,0.045346,0.012289,-0.009737,0.996139
robot-failure-lp1,88,4,0.049381,2.721068,0.0,0.368057,0.279342,-0.26522,0.934001,0.346562,0.229679,-0.208954,0.939542
robot-failure-lp4,117,3,0.166594,10.155496,0.0,0.210396,0.151521,-0.08076,0.975037,0.223884,0.137882,0.02069,0.972356
robot-failure-lp5,164,5,0.05114,23.529411,0.0,0.437905,0.121325,0.001482,0.745027,0.440887,0.099251,-0.003573,0.752296
robot-nav-sensor-readings-2,5456,4,0.197802,17.11146,0.0,0.002366,0.002697,-0.001765,0.999983,0.00234,0.00258,-0.001621,0.99998
robot-nav-sensor-readings-24,5456,4,0.197802,41.431188,0.0,0.004587,0.001945,0.000706,0.999873,0.004872,0.001545,0.000924,0.999849
robot-nav-sensor-readings-4,5456,4,0.197802,51.974843,0.0,0.003079,0.002319,-0.000849,0.999978,0.003014,0.002184,-0.000659,0.999975
saheart,462,2,0.048008,1.36144,0.0,0.397867,0.097431,-0.097198,0.62437,0.391565,0.090369,-0.028373,0.630799
seeds,210,3,0.0,6.6155,0.0,0.243821,0.205702,-0.154924,0.984162,0.244976,0.21305,-0.154622,0.984046
seismic-bumps,2584,2,0.450538,1.215157,0.0,0.149601,0.097022,-0.096653,0.974858,0.117205,0.027428,0.004266,0.972379
semeion,1593,10,7.5e-05,50.890678,0.0,0.075583,0.021158,0.011747,0.987953,0.07524,0.016837,0.011851,0.988032
skin-segmentation,10000,2,0.177869,21.38325,0.0,0.003093,0.001368,0.000785,0.999958,0.003034,0.0014,0.000845,0.999956
spambase,4601,2,0.022624,32.691943,0.0,0.067029,0.015142,0.014487,0.98199,0.066555,0.018007,0.010698,0.981343
spectf-heart,349,2,0.107706,2.56746,0.0,0.188981,0.105444,-0.078084,0.983242,0.181215,0.080238,-0.043625,0.983199
statlog-australian-credit,690,2,0.006078,1.252629,0.0,0.221907,0.088219,-0.081124,0.921501,0.221862,0.086807,-0.07769,0.919436
statlog-german-credit,1000,2,0.082283,13.016012,0.0,0.325712,0.054805,0.027621,0.625282,0.325988,0.052936,0.021506,0.631192
statlog-heart,270,2,0.006186,1.495714,0.0,0.289248,0.158026,-0.155699,0.909764,0.289354,0.154699,-0.154699,0.907146
statlog-image-segmentation,2310,7,0.0,57.173698,0.0,0.028289,0.012602,0.009294,0.997021,0.028615,0.011399,0.010097,0.996969
statlog-landsat-satellite,2859,6,0.086968,28.454363,0.0,0.128474,0.040261,0.03444,0.966796,0.126943,0.039374,0.037224,0.967077
statlog-vehicle-silhouettes,846,4,0.000647,27.414164,0.0,0.286906,0.033525,-0.006811,0.838694,0.28903,0.029094,-0.008121,0.838062
systhetic-control,600,6,0.0,22.441709,0.0,0.028136,0.035753,-0.029691,0.999176,0.028136,0.035753,-0.029691,0.999176
teaching-assistant-evaluation,151,3,0.000306,40.78201,0.0,0.626529,0.257171,0.118182,0.673535,0.636919,0.277808,0.147831,0.671172
thoracic-surgery,470,2,0.272288,2.205937,0.0,0.294937,0.120049,-0.072978,0.902429,0.259953,0.045289,0.025356,0.90243
thyroid-allbp,2800,5,0.550543,7.069502,0.0,0.395563,0.043831,-0.037033,0.775028,0.394013,0.041659,-0.035736,0.774359
thyroid-ann,3772,3,0.783884,72.006395,0.0,0.003525,0.002016,0.001098,0.999784,0.003766,0.001969,0.001184,0.999812
thyroid-newthyroid,215,3,0.27713,1.401638,0.0,0.289813,0.279747,-0.273864,0.992986,0.235,0.217105,-0.029638,0.99126
thyroid-sick,2800,5,0.550543,8.009689,0.0,0.396562,0.041543,-0.028796,0.772932,0.396289,0.044606,-0.028897,0.77183
thyroid-sick-euthyroid,3163,2,0.384558,5.964095,0.0,0.037218,0.00944,-0.007316,0.921174,0.04001,0.013097,-0.004948,0.912482
user-knowledge,403,5,0.190495,52.173265,0.0,0.131816,0.045063,0.033625,0.957256,0.135044,0.043833,0.035928,0.954686
vertebra-column-2c,310,2,0.064348,9.971133,0.0,0.229834,0.041566,0.01689,0.87929,0.229837,0.052874,0.028061,0.879211
vertebra-column-3c,310,3,0.064533,8.216996,0.0,0.269734,0.096664,-0.016164,0.906257,0.260092,0.067811,-0.015109,0.908304
volcanoes-a1,3252,5,1.175148,65.754791,0.0,0.040687,0.016415,0.016415,0.987176,0.040079,0.017902,0.016536,0.98712
volcanoes-a2,1623,5,1.170041,2.447123,0.0,0.169997,0.14147,-0.118785,0.927234,0.129664,0.036293,-0.001088,0.927605
volcanoes-a4,1515,5,1.150874,2.126966,0.0,0.233507,0.201773,-0.189143,0.918452,0.146748,0.047117,-0.000534,0.918005
volcanoes-b1,10000,5,1.404589,3.637624,0.0,0.059889,0.034811,-0.023283,0.964895,0.056971,0.005158,-0.001161,0.964204
volcanoes-b2,10000,5,1.414352,6.753602,0.0,0.055313,0.0211,-0.011913,0.965964,0.053806,0.00191,-0.001082,0.966255
volcanoes-c1,10000,5,1.456791,1.937499,0.0,0.077573,0.129278,-0.127544,0.976195,0.041683,0.00847,-0.000768,0.976324
volcanoes-d1,8753,5,1.325274,8.221151,0.0,0.104051,0.03567,-0.033921,0.933178,0.098675,0.008487,0.000749,0.932443
volcanoes-d2,9172,5,1.329046,5.256498,0.0,0.131672,0.089012,-0.085115,0.937792,0.09597,0.011351,0.000529,0.936655
waveform-v1,5000,3,8e-05,7.435593,0.0,0.199517,0.048792,-0.047384,0.944104,0.199519,0.049634,-0.046986,0.944117
wdbc,569,2,0.032831,15.85088,0.0,0.044712,0.024252,0.004599,0.993536,0.047659,0.021804,0.008273,0.992892
wholesale-channel,440,2,0.064239,2.025492,0.0,0.19179,0.122254,-0.074388,0.936224,0.187162,0.090533,-0.05803,0.93486
wholesale-region,440,3,0.316939,39.096182,0.0,0.517047,0.171221,0.021914,0.562425,0.493593,0.102964,0.086804,0.568971
wilt,4839,2,0.4832,28.749275,0.0,0.021658,0.005871,0.003031,0.935842,0.021212,0.005179,0.002388,0.929397
wine-quality-5class,6462,5,0.364725,50.496662,0.0,0.475025,0.134857,0.134191,0.735132,0.474374,0.136579,0.136364,0.735471
yeast-4class,1299,4,0.078163,6.233767,0.0,0.476154,0.04407,-0.029693,0.688685,0.47593,0.0456,-0.02123,0.687893
