dataset,fold,n_classes,rows,depth_old,depth_new,trees_old,trees_new,"old, uniform","old, prior","old + new depth, prior","old + new trees, prior","new, prior","old, uniform again"
robot-failure-lp1,0,4,66,9,7,337,328,5.221,5.116,3.38,5.07,3.002,5.27
leukemia-haslinger,0,2,75,9,7,151,147,1.527,1.706,0.532,1.454,0.696,1.504
letter,0,26,7500,7,7,465,445,13.016,13.137,12.72,12.487,7.575,12.515
micro-mass-mixed-spectra,0,10,270,4,6,364,276,10.318,9.377,26.083,7.82,18.051,10.239
hill-valley-without-noise,0,2,909,6,7,316,474,2.344,2.213,3.69,3.414,6.826,2.144
movement-libras,0,15,270,9,10,262,336,64.435,58.317,120.365,81.8,164.298,60.867
arcene,0,2,150,3,3,423,377,18.734,18.346,20.682,17.504,27.478,19.585
multiple-features,0,10,1500,7,9,182,476,27.998,29.441,90.689,78.456,455.905,22.237
connectionist-vowel,0,11,742,9,9,355,273,9.454,9.373,9.336,9.819,11.315,15.308
plant-species-leaves-margin,0,100,1200,7,7,337,337,29.864,30.002,30.858,31.899,34.324,39.412
movement-libras-10,0,15,202,10,8,203,418,71.829,70.174,19.686,143.187,44.5,62.488
autoUniv-au7-700,0,3,525,4,6,498,431,0.515,0.65,1.399,0.939,0.885,0.58
autoUniv-au6-cd1-400,0,8,300,5,7,55,321,0.388,0.362,0.891,2.542,6.295,0.394
mfeat-fourier,0,10,1500,7,5,347,378,16.367,16.706,6.584,17.625,10.067,15.99
