dataset,group,Brier uniform,ECE uniform,gap uniform,PR AUC uniform,Brier prior retuned,ECE prior retuned,gap prior retuned,PR AUC prior retuned,Brier prior fixed,ECE prior fixed,gap prior fixed,PR AUC prior fixed
abalone-3class,balanced,0.43499,0.01246,-0.00463,0.7175,0.43025,0.026,-0.00405,0.7228,0.43416,0.02332,-0.00756,0.71807
abalone-7class,imbalanced,0.75253,0.02065,0.00758,0.32957,0.75021,0.01794,0.01103,0.33217,0.75271,0.02483,0.00809,0.33096
appendicitis,imbalanced,0.34456,0.24013,-0.23349,0.73858,0.25708,0.11756,0.00835,0.71876,0.27119,0.15031,0.00521,0.71632
artificial-characters,imbalanced,0.15939,0.04216,-0.04205,0.95007,0.16062,0.03989,-0.03854,0.94714,0.15825,0.04443,-0.04409,0.94868
autoUniv-au1-1000,imbalanced,0.39575,0.14396,-0.13212,0.85007,0.36055,0.09922,0.00633,0.84549,0.35876,0.1051,0.0133,0.84882
autoUniv-au4-2500,imbalanced,0.46181,0.04676,0.0102,0.69954,0.44996,0.03623,0.0257,0.70112,0.466,0.05429,0.02306,0.69574
autoUniv-au6-1000,imbalanced,0.83726,0.04591,-0.04026,0.2287,0.85079,0.04691,0.03385,0.23188,0.83668,0.03257,-0.01383,0.22912
autoUniv-au6-250-drift-au6-cd1-500,imbalanced,0.85461,0.04894,0.03267,0.22005,0.85165,0.05324,0.02303,0.22743,0.85166,0.07228,0.02605,0.23232
autoUniv-au6-cd1-400,imbalanced,0.85658,0.1665,0.11383,0.33457,0.80458,0.10637,0.06051,0.32934,0.84744,0.15485,0.13602,0.33027
autoUniv-au7-300-drift-au7-cpd1-800,imbalanced,0.72385,0.05744,0.03332,0.39588,0.71853,0.08224,0.04558,0.39927,0.7245,0.06405,0.03362,0.39132
autoUniv-au7-700,balanced,0.58597,0.06352,-0.04141,0.55203,0.58945,0.08157,0.06788,0.53931,0.58442,0.04827,-0.02806,0.54968
autoUniv-au7-cpd1-500,imbalanced,0.68019,0.07614,-0.0382,0.47369,0.68385,0.09518,0.0033,0.46044,0.67784,0.0768,0.00812,0.47161
balance-scale,imbalanced,0.10729,0.06201,-0.03809,0.95789,0.11747,0.04554,-0.02423,0.95444,0.10878,0.06313,-0.03529,0.95885
banana,balanced,0.13555,0.01829,-0.01177,0.96735,0.13475,0.01401,-0.00504,0.96733,0.13528,0.01632,-0.01221,0.96735
bank-marketing,imbalanced,0.14316,0.02798,0.02525,0.55785,0.14677,0.0285,0.02647,0.53732,0.1446,0.03079,0.03079,0.5552
bank-marketing-full,imbalanced,0.12931,0.01566,0.00767,0.58991,0.13064,0.01615,0.01114,0.5825,0.12993,0.01664,0.00808,0.58907
blogger,imbalanced,0.37682,0.15573,0.04331,0.85145,0.43397,0.1912,0.13075,0.90672,0.37881,0.15999,0.06277,0.85909
blood-transfusion-service,imbalanced,0.31958,0.07523,-0.02855,0.51624,0.33099,0.08479,0.00248,0.48828,0.31784,0.06504,0.00974,0.52018
breast-cancer-wisconsin,imbalanced,0.05807,0.02417,0.01424,0.98322,0.04899,0.01542,-0.00235,0.98734,0.05615,0.01981,0.00738,0.9852
bupa,imbalanced,0.38252,0.09928,0.01585,0.79053,0.36188,0.07426,0.01727,0.80735,0.38859,0.0919,0.02771,0.79602
car-evaluation,imbalanced,0.01198,0.01399,-0.00989,0.99918,0.00912,0.0073,-0.00523,0.99943,0.01036,0.01498,-0.01242,0.99955
cardiotocography-3class,imbalanced,0.02077,0.00705,0.00339,0.99672,0.02121,0.00516,-0.00099,0.99644,0.02056,0.00544,0.00315,0.99676
climate-simulation-craches,imbalanced,0.20593,0.14534,-0.1063,0.98406,0.15585,0.0634,0.06106,0.98324,0.15044,0.04224,0.03295,0.98295
colon32,imbalanced,0.35498,0.23092,-0.10824,0.87574,0.30372,0.20813,0.07196,0.8808,0.32136,0.2576,0.02762,0.89138
connectionist-mines-vs-rocks,balanced,0.18991,0.06916,-0.02332,0.96271,0.22025,0.06886,-0.02624,0.9499,0.1893,0.07736,-0.01874,0.96375
contraceptive-method-choice,imbalanced,0.54235,0.04222,-0.00676,0.61588,0.53755,0.04342,0.0011,0.61603,0.54111,0.03681,-0.00369,0.61746
dermatology,imbalanced,0.04809,0.05275,-0.03718,0.99423,0.05323,0.06553,-0.06498,0.99318,0.05137,0.0485,-0.03275,0.9932
eeg-eye-state,balanced,0.08344,0.00803,0.00256,0.98616,0.08573,0.0082,-0.00485,0.98492,0.08262,0.00585,0.00123,0.98609
flare,imbalanced,0.33375,0.04346,-0.00164,0.73492,0.33152,0.03844,0.01092,0.73177,0.33293,0.04407,-0.00294,0.73626
glioma16,balanced,0.25821,0.15572,-0.07156,0.9078,0.24108,0.18163,0.0165,0.90419,0.26418,0.11733,0.04023,0.92219
habermans-survival,imbalanced,0.38333,0.10816,-0.01592,0.44008,0.36956,0.08251,0.00483,0.49518,0.37775,0.08738,0.03142,0.47441
hayes-roth,imbalanced,0.21221,0.11838,0.01715,0.93827,0.24047,0.07135,0.02337,0.93473,0.21284,0.10864,0.01718,0.93838
heart-disease-processed-hungarian,imbalanced,0.31662,0.13719,-0.12172,0.85015,0.31143,0.12061,-0.0291,0.84922,0.31035,0.08579,-0.049,0.84788
hepatitis,imbalanced,0.33416,0.1843,-0.08962,0.958,0.27968,0.13156,0.01372,0.95707,0.30379,0.15583,0.04781,0.95634
hill-valley-with-noise,balanced,0.57661,0.17239,0.16644,0.55603,0.62015,0.21963,0.21963,0.59092,0.57839,0.16349,0.16236,0.5646
hill-valley-without-noise,balanced,0.58424,0.21732,0.21587,0.61986,0.61155,0.25158,0.24038,0.63234,0.61023,0.24513,0.24513,0.59815
indian-liver-patient,imbalanced,0.38031,0.09843,0.0112,0.50178,0.38604,0.09781,0.08634,0.48304,0.36808,0.05673,0.052,0.51201
ionosphere,imbalanced,0.11533,0.04739,0.00873,0.97677,0.11652,0.0775,-0.04274,0.97229,0.1105,0.03694,0.00554,0.97168
iris,balanced,0.16578,0.15549,-0.15208,0.99278,0.17867,0.20265,-0.1746,0.98999,0.16582,0.1622,-0.15878,0.99278
led7digit,balanced,0.66357,0.45083,-0.44738,0.76429,0.47992,0.26686,-0.26686,0.76614,0.66353,0.43696,-0.43054,0.76306
leukemia-haslinger,balanced,0.39738,0.26275,-0.10405,0.91678,0.23571,0.09792,0.00255,0.92213,0.39709,0.27434,-0.10666,0.93089
lsvt-voice-rehabilitation,imbalanced,0.30003,0.13576,0.07525,0.91215,0.32838,0.15254,0.10837,0.90788,0.30086,0.12056,0.07868,0.90401
magic,imbalanced,0.17739,0.00869,-0.00259,0.91153,0.17599,0.01176,-0.00227,0.91244,0.17779,0.01294,-0.00174,0.91149
mammographic-mass,balanced,0.31848,0.16286,-0.15949,0.87306,0.29707,0.13788,-0.13239,0.88174,0.3187,0.15893,-0.14986,0.87248
mfeat-fourier,balanced,0.23796,0.04968,0.04099,0.87238,0.22341,0.03067,-0.01672,0.88178,0.23796,0.04968,0.041,0.87238
molecular-promotor-gene,balanced,0.31867,0.23775,-0.23775,0.93479,0.26055,0.19512,-0.18514,0.94983,0.31381,0.23601,-0.23601,0.93531
molecular-splice-junction,imbalanced,0.06465,0.01407,0.00694,0.98865,0.06337,0.01225,-0.0096,0.98885,0.06364,0.01427,0.00531,0.98866
monks1,balanced,0.00107,0.01659,-0.01659,1.0,0.00104,0.01524,-0.01524,1.0,0.00104,0.01524,-0.01524,1.0
monks3,balanced,0.11335,0.14793,-0.11779,0.9949,0.05437,0.06807,-0.04462,0.99347,0.10889,0.1374,-0.11335,0.99416
mushroom,balanced,0.0,0.00035,-0.00035,1.0,0.0,0.00033,-0.00033,1.0,0.0,0.00033,-0.00033,1.0
mushroom-expanded,balanced,0.0,0.00028,-0.00028,1.0,0.0,0.00028,-0.00028,1.0,0.0,0.00028,-0.00028,1.0
nursery-4class,imbalanced,0.00041,0.00458,-0.00458,1.0,0.00027,0.00381,-0.00381,1.0,0.00038,0.00457,-0.00457,1.0
optdigits,balanced,0.02115,0.0071,0.00671,0.99861,0.02226,0.0064,0.00495,0.99851,0.02212,0.00798,0.0071,0.99864
ozone-eighthr,imbalanced,0.09152,0.03139,0.02753,0.50804,0.09165,0.03127,0.03097,0.51387,0.09215,0.02957,0.0284,0.51319
ozone-onehr,imbalanced,0.04924,0.01025,0.00815,0.31772,0.05118,0.01514,0.01501,0.26984,0.04967,0.01414,0.01275,0.32245
page-blocks,imbalanced,0.04133,0.00794,-0.00607,0.99028,0.06027,0.0321,-0.00151,0.98955,0.04234,0.00602,-0.0001,0.99013
parkinsons,imbalanced,0.11011,0.0622,0.03384,0.99236,0.10384,0.05043,0.02316,0.99161,0.11686,0.07332,0.04622,0.99218
pendigits,balanced,0.00985,0.00297,0.00236,0.99906,0.0093,0.00307,0.0019,0.99907,0.00959,0.00325,0.00226,0.99908
phoneme,imbalanced,0.14212,0.04997,0.04997,0.91911,0.13631,0.03024,0.02877,0.9181,0.14391,0.05159,0.05014,0.91427
pima-indians-diabetes,imbalanced,0.30743,0.03748,0.00628,0.72736,0.31919,0.0423,-0.00984,0.71405,0.3105,0.03645,0.01498,0.71408
planning-relax,imbalanced,0.54403,0.25217,0.20217,0.36374,0.50469,0.17556,0.12694,0.31941,0.52248,0.24109,0.20279,0.3674
qsar-biodegradation,imbalanced,0.20785,0.05687,0.04583,0.88307,0.20752,0.0434,0.02011,0.88516,0.20504,0.05031,0.04923,0.88415
ringnorm,balanced,0.0453,0.01129,-0.01047,0.99587,0.04413,0.01708,-0.01583,0.99616,0.04535,0.01229,-0.00974,0.99614
robot-failure-lp1,imbalanced,0.36806,0.27934,-0.26522,0.934,0.34064,0.23111,-0.18678,0.93379,0.34656,0.22968,-0.20895,0.93954
robot-failure-lp4,imbalanced,0.2104,0.15152,-0.08076,0.97504,0.18154,0.07971,0.06049,0.97686,0.22388,0.13788,0.02069,0.97236
robot-failure-lp5,imbalanced,0.43791,0.12133,0.00148,0.74503,0.47572,0.15253,0.09094,0.73125,0.44089,0.09925,-0.00357,0.7523
robot-nav-sensor-readings-2,imbalanced,0.00237,0.0027,-0.00177,0.99998,0.00248,0.00199,8e-05,0.99998,0.00234,0.00258,-0.00162,0.99998
robot-nav-sensor-readings-24,imbalanced,0.00459,0.00194,0.00071,0.99987,0.00566,0.00249,0.00149,0.99994,0.00487,0.00154,0.00092,0.99985
robot-nav-sensor-readings-4,imbalanced,0.00308,0.00232,-0.00085,0.99998,0.00336,0.00146,0.00128,0.99998,0.00301,0.00218,-0.00066,0.99998
saheart,imbalanced,0.39787,0.09743,-0.0972,0.62437,0.4007,0.11019,0.00435,0.65135,0.39156,0.09037,-0.02837,0.6308
seeds,balanced,0.24382,0.2057,-0.15492,0.98416,0.17886,0.13696,-0.10519,0.98623,0.24498,0.21305,-0.15462,0.98405
seismic-bumps,imbalanced,0.1496,0.09702,-0.09665,0.97486,0.11945,0.04267,0.00345,0.97558,0.1172,0.02743,0.00427,0.97238
semeion,balanced,0.07558,0.02116,0.01175,0.98795,0.07405,0.01314,0.00583,0.9877,0.07524,0.01684,0.01185,0.98803
skin-segmentation,imbalanced,0.00309,0.00137,0.00078,0.99996,0.00303,0.0012,0.00074,0.99997,0.00303,0.0014,0.00084,0.99996
spambase,imbalanced,0.06703,0.01514,0.01449,0.98199,0.06479,0.01237,0.00136,0.98287,0.06656,0.01801,0.0107,0.98134
spectf-heart,imbalanced,0.18898,0.10544,-0.07808,0.98324,0.20757,0.08039,-0.04485,0.98232,0.18122,0.08024,-0.04362,0.9832
statlog-australian-credit,balanced,0.22191,0.08822,-0.08112,0.9215,0.19643,0.03976,-0.0257,0.9241,0.22186,0.08681,-0.07769,0.91944
statlog-german-credit,imbalanced,0.32571,0.05481,0.02762,0.62528,0.32462,0.06412,0.03231,0.65287,0.32599,0.05294,0.02151,0.63119
statlog-heart,balanced,0.28925,0.15803,-0.1557,0.90976,0.40689,0.20396,-0.13664,0.89773,0.28935,0.1547,-0.1547,0.90715
statlog-image-segmentation,balanced,0.02829,0.0126,0.00929,0.99702,0.02662,0.00751,0.00501,0.99718,0.02862,0.0114,0.0101,0.99697
statlog-landsat-satellite,imbalanced,0.12847,0.04026,0.03444,0.9668,0.13236,0.03951,0.03679,0.96504,0.12694,0.03937,0.03722,0.96708
statlog-vehicle-silhouettes,balanced,0.28691,0.03352,-0.00681,0.83869,0.28984,0.05105,0.04894,0.83424,0.28903,0.02909,-0.00812,0.83806
systhetic-control,balanced,0.02814,0.03575,-0.02969,0.99918,0.03724,0.07641,-0.07641,0.99929,0.02814,0.03575,-0.02969,0.99918
teaching-assistant-evaluation,balanced,0.62653,0.25717,0.11818,0.67353,0.62799,0.26714,0.13473,0.65858,0.63692,0.27781,0.14783,0.67117
thoracic-surgery,imbalanced,0.29494,0.12005,-0.07298,0.90243,0.25385,0.04494,0.01071,0.90309,0.25995,0.04529,0.02536,0.90243
thyroid-allbp,imbalanced,0.39556,0.04383,-0.03703,0.77503,0.39265,0.03462,-0.02766,0.77465,0.39401,0.04166,-0.03574,0.77436
thyroid-ann,imbalanced,0.00353,0.00202,0.0011,0.99978,0.00367,0.00235,0.00063,0.99921,0.00377,0.00197,0.00118,0.99981
thyroid-newthyroid,imbalanced,0.28981,0.27975,-0.27386,0.99299,0.13889,0.10996,-0.04088,0.99226,0.235,0.2171,-0.02964,0.99126
thyroid-sick,imbalanced,0.39656,0.04154,-0.0288,0.77293,0.39862,0.03429,-0.02252,0.7713,0.39629,0.04461,-0.0289,0.77183
thyroid-sick-euthyroid,imbalanced,0.03722,0.00944,-0.00732,0.92117,0.03853,0.01107,-0.00418,0.90959,0.04001,0.0131,-0.00495,0.91248
user-knowledge,imbalanced,0.13182,0.04506,0.03363,0.95726,0.13249,0.03923,0.03125,0.95992,0.13504,0.04383,0.03593,0.95469
vertebra-column-2c,imbalanced,0.22983,0.04157,0.01689,0.87929,0.23421,0.08293,0.07041,0.86704,0.22984,0.05287,0.02806,0.87921
vertebra-column-3c,imbalanced,0.26973,0.09666,-0.01616,0.90626,0.22194,0.08267,-0.01723,0.90726,0.26009,0.06781,-0.01511,0.9083
volcanoes-a1,imbalanced,0.04069,0.01641,0.01641,0.98718,0.03738,0.01461,0.01275,0.98688,0.04008,0.0179,0.01654,0.98712
volcanoes-a2,imbalanced,0.17,0.14147,-0.11878,0.92723,0.1431,0.07066,0.00105,0.92724,0.12966,0.03629,-0.00109,0.9276
volcanoes-a4,imbalanced,0.23351,0.20177,-0.18914,0.91845,0.1552,0.07374,1e-05,0.91912,0.14675,0.04712,-0.00053,0.918
volcanoes-b1,imbalanced,0.05989,0.03481,-0.02328,0.9649,0.06245,0.02235,-0.00014,0.96454,0.05697,0.00516,-0.00116,0.9642
volcanoes-b2,imbalanced,0.05531,0.0211,-0.01191,0.96596,0.05616,0.01386,-0.00078,0.96668,0.05381,0.00191,-0.00108,0.96626
volcanoes-c1,imbalanced,0.07757,0.12928,-0.12754,0.97619,0.04505,0.01426,0.00106,0.97583,0.04168,0.00847,-0.00077,0.97632
volcanoes-d1,imbalanced,0.10405,0.03567,-0.03392,0.93318,0.09872,0.01401,-0.00035,0.93412,0.09868,0.00849,0.00075,0.93244
volcanoes-d2,imbalanced,0.13167,0.08901,-0.08512,0.93779,0.09532,0.01069,-0.00044,0.9377,0.09597,0.01135,0.00053,0.93666
waveform-v1,balanced,0.19952,0.04879,-0.04738,0.9441,0.19513,0.03463,-0.03139,0.94487,0.19952,0.04963,-0.04699,0.94412
wdbc,imbalanced,0.04471,0.02425,0.0046,0.99354,0.05381,0.02534,0.01249,0.99218,0.04766,0.0218,0.00827,0.99289
wholesale-channel,imbalanced,0.19179,0.12225,-0.07439,0.93622,0.19732,0.10549,-0.03766,0.93029,0.18716,0.09053,-0.05803,0.93486
wholesale-region,imbalanced,0.51705,0.17122,0.02191,0.56242,0.46596,0.09676,0.03561,0.57041,0.49359,0.10296,0.0868,0.56897
wilt,imbalanced,0.02166,0.00587,0.00303,0.93584,0.0206,0.00385,-0.00093,0.93469,0.02121,0.00518,0.00239,0.9294
wine-quality-5class,imbalanced,0.47502,0.13486,0.13419,0.73513,0.47952,0.14347,0.1421,0.73364,0.47437,0.13658,0.13636,0.73547
yeast-4class,imbalanced,0.47615,0.04407,-0.02969,0.68869,0.47294,0.04126,-0.02581,0.69007,0.47593,0.0456,-0.02123,0.68789
