dataset,fold,run,task,depth,learning_rate,n_estimators,lr x trees
abalone-11class,0,uniform,multiclass,2,0.0630332620129394,500,31.5166310064697
abalone-11class,0,prior,multiclass,3,0.04006352889842528,472,18.909985640056732
abalone-11class,1,uniform,multiclass,6,0.02562661989442648,378,9.68686232009321
abalone-11class,1,prior,multiclass,3,0.10897889227486575,212,23.103525162271538
abalone-11class,2,uniform,multiclass,3,0.07337007153259167,347,25.45941482180931
abalone-11class,2,prior,multiclass,4,0.04182365798116251,316,13.216275922047354
abalone-11class,3,uniform,multiclass,5,0.17886737493305332,165,29.513116863953798
abalone-11class,3,prior,multiclass,3,0.03398356386798836,338,11.486444587380067
abalone-3class,0,uniform,multiclass,3,0.07970814863846881,385,30.687637225810494
abalone-3class,0,prior,multiclass,2,0.21255890182522577,280,59.51649251106321
abalone-3class,1,uniform,multiclass,8,0.03913622154264881,357,13.971631090725625
abalone-3class,1,prior,multiclass,6,0.03404555100251127,499,16.988729950253123
abalone-3class,2,uniform,multiclass,3,0.057513298504450444,495,28.46908275970297
abalone-3class,2,prior,multiclass,4,0.11292874990950856,273,30.829548725295837
abalone-3class,3,uniform,multiclass,4,0.052859440938546325,419,22.14810575325091
abalone-3class,3,prior,multiclass,4,0.04684941653425541,474,22.206623437237063
abalone-7class,0,uniform,multiclass,4,0.010796812697056965,380,4.102788824881647
abalone-7class,0,prior,multiclass,2,0.11776909127789346,126,14.838905501014576
abalone-7class,1,uniform,multiclass,4,0.03531509068529358,498,17.586915161276202
abalone-7class,1,prior,multiclass,6,0.04106523233686611,160,6.570437173898577
abalone-7class,2,uniform,multiclass,7,0.03356658641829685,167,5.605619931855574
abalone-7class,2,prior,multiclass,4,0.03437844849043677,467,16.05473544503397
abalone-7class,3,uniform,multiclass,3,0.11413636617792294,233,26.593773319456044
abalone-7class,3,prior,multiclass,8,0.02785241513538375,266,7.408742426012078
appendicitis,0,uniform,binary,7,0.0014057443927355119,138,0.19399272619750063
appendicitis,0,prior,binary,3,0.01637133613534992,59,0.9659088319856453
appendicitis,1,uniform,binary,2,0.00230032980729834,337,0.7752111450595406
appendicitis,1,prior,binary,2,0.004658818414657982,265,1.234586879884365
appendicitis,2,uniform,binary,9,0.006196304617801229,145,0.8984641695811783
appendicitis,2,prior,binary,9,0.029712958950871556,184,5.467184446960366
appendicitis,3,uniform,binary,2,0.0112410842094855,53,0.5957774631027315
appendicitis,3,prior,binary,3,0.0015843778917353241,151,0.23924106165203393
arcene,0,uniform,binary,3,0.0332320071681562,423,14.057139032130072
arcene,0,prior,binary,3,0.047592079562696885,377,17.942213995136726
arcene,1,uniform,binary,3,0.07544586407852796,256,19.31414120410316
arcene,1,prior,binary,3,0.017138794968909736,436,7.472514606444645
arcene,2,uniform,binary,5,0.05340168991425826,149,7.9568517972244805
arcene,2,prior,binary,7,0.017791404019412607,426,7.579138112269771
arcene,3,uniform,binary,6,0.22494188652804564,493,110.8963500583265
arcene,3,prior,binary,2,0.08052200136988052,204,16.426488279455626
artificial-characters,0,uniform,multiclass,7,0.2828454516346764,414,117.09801697675603
artificial-characters,0,prior,multiclass,5,0.24841175536092971,497,123.46064241438206
artificial-characters,1,uniform,multiclass,5,0.29833531018215326,464,138.4275839245191
artificial-characters,1,prior,multiclass,7,0.1974231085180734,498,98.31670804200056
artificial-characters,2,uniform,multiclass,6,0.2944970473836267,484,142.53657093367534
artificial-characters,2,prior,multiclass,7,0.2955267730579098,390,115.25544149258482
artificial-characters,3,uniform,multiclass,7,0.16471309263128384,481,79.22699755564753
artificial-characters,3,prior,multiclass,8,0.22036339814172856,471,103.79116052475415
autoUniv-au1-1000,0,uniform,binary,8,0.002311273004144044,441,1.0192713948275234
autoUniv-au1-1000,0,prior,binary,7,0.001241108130012813,288,0.3574391414436901
autoUniv-au1-1000,1,uniform,binary,5,0.00263199574743842,72,0.18950369381556625
autoUniv-au1-1000,1,prior,binary,4,0.012808782682521138,54,0.6916742648561415
autoUniv-au1-1000,2,uniform,binary,4,0.0034678464141067304,120,0.41614156969280763
autoUniv-au1-1000,2,prior,binary,5,0.0017587051756963949,84,0.14773123475849717
autoUniv-au1-1000,3,uniform,binary,7,0.0014066577451176776,465,0.65409585147972
autoUniv-au1-1000,3,prior,binary,4,0.003467846414106734,381,1.3212494837746656
autoUniv-au4-2500,0,uniform,multiclass,8,0.03971306839993923,410,16.282358043975083
autoUniv-au4-2500,0,prior,multiclass,8,0.009788361351512127,481,4.708201810077333
autoUniv-au4-2500,1,uniform,multiclass,5,0.0472696590395995,401,18.9551332748794
autoUniv-au4-2500,1,prior,multiclass,6,0.12274168749530984,469,57.56585143530032
autoUniv-au4-2500,2,uniform,multiclass,4,0.03467555813111546,459,15.916081182181996
autoUniv-au4-2500,2,prior,multiclass,4,0.024150278519328116,326,7.872990797300965
autoUniv-au4-2500,3,uniform,multiclass,8,0.1683356247218199,462,77.77105862148079
autoUniv-au4-2500,3,prior,multiclass,9,0.06683602740911082,474,31.68027699191853
autoUniv-au6-1000,0,uniform,multiclass,2,0.035468067557086085,332,11.77539842895258
autoUniv-au6-1000,0,prior,multiclass,3,0.057752416141385154,214,12.359017054256423
autoUniv-au6-1000,1,uniform,multiclass,3,0.043057017833693235,232,9.98922813741683
autoUniv-au6-1000,1,prior,multiclass,6,0.011787898545467251,217,2.5579739843663933
autoUniv-au6-1000,2,uniform,multiclass,3,0.01290878652469555,110,1.4199665177165104
autoUniv-au6-1000,2,prior,multiclass,5,0.2336275775184807,306,71.4900387206551
autoUniv-au6-1000,3,uniform,multiclass,9,0.08652511881263948,181,15.661046505087747
autoUniv-au6-1000,3,prior,multiclass,2,0.0791251458293028,193,15.271153145055441
autoUniv-au6-250-drift-au6-cd1-500,0,uniform,multiclass,4,0.05150068822035,296,15.2442037132236
autoUniv-au6-250-drift-au6-cd1-500,0,prior,multiclass,3,0.03440524397018322,286,9.839899775472402
autoUniv-au6-250-drift-au6-cd1-500,1,uniform,multiclass,10,0.029873882099482826,430,12.845769302777615
autoUniv-au6-250-drift-au6-cd1-500,1,prior,multiclass,2,0.080251886233925,407,32.66251769720748
autoUniv-au6-250-drift-au6-cd1-500,2,uniform,multiclass,6,0.03592984693154666,427,15.342044639770425
autoUniv-au6-250-drift-au6-cd1-500,2,prior,multiclass,4,0.0014595261945030674,361,0.5268889562156073
autoUniv-au6-250-drift-au6-cd1-500,3,uniform,multiclass,4,0.07536956139987087,240,18.08869473596901
autoUniv-au6-250-drift-au6-cd1-500,3,prior,multiclass,9,0.037004098694466594,304,11.249246003117845
autoUniv-au6-cd1-400,0,uniform,multiclass,5,0.012912229403973872,55,0.710172617218563
autoUniv-au6-cd1-400,0,prior,multiclass,7,0.06553041338818573,321,21.035262697607617
autoUniv-au6-cd1-400,1,uniform,multiclass,5,0.23125843524060838,266,61.51474377400183
autoUniv-au6-cd1-400,1,prior,multiclass,4,0.27965376693733357,348,97.31951089419208
autoUniv-au6-cd1-400,2,uniform,multiclass,2,0.18696749020232384,422,78.90028086538067
autoUniv-au6-cd1-400,2,prior,multiclass,2,0.08037827045680596,227,18.24586739369495
autoUniv-au6-cd1-400,3,uniform,multiclass,6,0.046820648509888194,415,19.4305691316036
autoUniv-au6-cd1-400,3,prior,multiclass,6,0.032604020903491786,426,13.8893129048875
autoUniv-au7-300-drift-au7-cpd1-800,0,uniform,multiclass,5,0.03978864188698446,382,15.199261200828063
autoUniv-au7-300-drift-au7-cpd1-800,0,prior,multiclass,6,0.04606971106293954,381,17.552559914979966
autoUniv-au7-300-drift-au7-cpd1-800,1,uniform,multiclass,4,0.005185019853630266,401,2.0791929613057367
autoUniv-au7-300-drift-au7-cpd1-800,1,prior,multiclass,5,0.1838862190759314,490,90.10424734720638
autoUniv-au7-300-drift-au7-cpd1-800,2,uniform,multiclass,5,0.04292272284114794,461,19.7873752297692
autoUniv-au7-300-drift-au7-cpd1-800,2,prior,multiclass,6,0.023037151638524267,254,5.851436516185164
autoUniv-au7-300-drift-au7-cpd1-800,3,uniform,multiclass,4,0.0634932310391593,394,25.016333029428765
autoUniv-au7-300-drift-au7-cpd1-800,3,prior,multiclass,4,0.05915519336776246,391,23.129680606795123
autoUniv-au7-700,0,uniform,multiclass,4,0.010673151464867687,498,5.315229429504108
autoUniv-au7-700,0,prior,multiclass,6,0.11407874243224195,431,49.16793798829628
autoUniv-au7-700,1,uniform,multiclass,10,0.0012354292177652643,300,0.3706287653295793
autoUniv-au7-700,1,prior,multiclass,9,0.1742490529081582,195,33.97856531709085
autoUniv-au7-700,2,uniform,multiclass,4,0.008539521878706775,201,1.7164438976200618
autoUniv-au7-700,2,prior,multiclass,4,0.1328468584114792,382,50.74749991318505
autoUniv-au7-700,3,uniform,multiclass,6,0.05121196733245689,195,9.986333629829094
autoUniv-au7-700,3,prior,multiclass,10,0.06832451163879875,444,30.336083167626647
autoUniv-au7-cpd1-500,0,uniform,multiclass,6,0.00473693017269013,298,1.4116051914616587
autoUniv-au7-cpd1-500,0,prior,multiclass,5,0.008202500494768866,396,3.248190195928471
autoUniv-au7-cpd1-500,1,uniform,multiclass,8,0.034199723858390534,499,17.065662205336878
autoUniv-au7-cpd1-500,1,prior,multiclass,3,0.08327501840295654,221,18.403779067053396
autoUniv-au7-cpd1-500,2,uniform,multiclass,7,0.019609527671582853,342,6.706458463681336
autoUniv-au7-cpd1-500,2,prior,multiclass,7,0.06764752313048089,303,20.49719950853571
autoUniv-au7-cpd1-500,3,uniform,multiclass,6,0.020415965032363308,206,4.205688796666841
autoUniv-au7-cpd1-500,3,prior,multiclass,6,0.0014805779011932891,389,0.5759448035641894
balance-scale,0,uniform,multiclass,2,0.2942801876908127,386,113.5921524486537
balance-scale,0,prior,multiclass,2,0.29428018769081277,386,113.59215244865374
balance-scale,1,uniform,multiclass,2,0.2942801876908127,386,113.5921524486537
balance-scale,1,prior,multiclass,2,0.20749599881001637,388,80.50844753828635
balance-scale,2,uniform,multiclass,2,0.2185003864947201,407,88.92965730335108
balance-scale,2,prior,multiclass,4,0.22191798440841318,312,69.23841113542491
balance-scale,3,uniform,multiclass,2,0.19003568953914257,454,86.27620305077073
balance-scale,3,prior,multiclass,2,0.19003568953914257,454,86.27620305077073
banana,0,uniform,binary,9,0.02951750505936549,311,9.179944073462668
banana,0,prior,binary,8,0.03391043592156441,297,10.07139946870463
banana,1,uniform,binary,9,0.03263819504434233,300,9.791458513302699
banana,1,prior,binary,9,0.019868454125891905,411,8.165934645741572
banana,2,uniform,binary,10,0.021807250553055577,363,7.916031950759175
banana,2,prior,binary,9,0.026790793212154298,364,9.751848729224164
banana,3,uniform,binary,9,0.026790793212154298,364,9.751848729224164
banana,3,prior,binary,10,0.03286942378102387,277,9.104830387343613
bank-marketing,0,uniform,binary,8,0.10359679097882583,327,33.87615065007605
bank-marketing,0,prior,binary,5,0.21255890182522577,500,106.27945091261289
bank-marketing,1,uniform,binary,5,0.05527612499442993,438,24.21094274756031
bank-marketing,1,prior,binary,10,0.044912961635861545,335,15.045842148013618
bank-marketing,2,uniform,binary,8,0.026153538852459534,329,8.604514282459187
bank-marketing,2,prior,binary,7,0.018218396371938242,459,8.362243934719652
bank-marketing,3,uniform,binary,10,0.029873882099482826,375,11.20270578730606
bank-marketing,3,prior,binary,4,0.18474755555465952,121,22.3544542221138
bank-marketing-full,0,uniform,binary,5,0.033858103157914606,255,8.633816305268224
bank-marketing-full,0,prior,binary,6,0.08018465277923092,309,24.777057708782355
bank-marketing-full,1,uniform,binary,6,0.04193751021150946,442,18.53637951348718
bank-marketing-full,1,prior,binary,7,0.023273721849621756,281,6.539915839743713
bank-marketing-full,2,uniform,binary,5,0.07363533307034704,475,34.976783208414844
bank-marketing-full,2,prior,binary,9,0.03033606523170138,462,14.015262137046037
bank-marketing-full,3,uniform,binary,5,0.06692641716073332,300,20.077925148219997
bank-marketing-full,3,prior,binary,2,0.1945026669001296,319,62.046350741141346
banknote-authentication,0,uniform,binary,7,0.2627578213927962,67,17.604774033317344
banknote-authentication,0,prior,binary,5,0.2438425584622684,288,70.2266568371333
banknote-authentication,1,uniform,binary,8,0.022881136684755242,295,6.749935322002797
banknote-authentication,1,prior,binary,8,0.022881136684755242,295,6.749935322002797
banknote-authentication,2,uniform,binary,8,0.022881136684755242,295,6.749935322002797
banknote-authentication,2,prior,binary,8,0.022881136684755242,295,6.749935322002797
banknote-authentication,3,uniform,binary,8,0.022881136684755242,295,6.749935322002797
banknote-authentication,3,prior,binary,8,0.022881136684755242,295,6.749935322002797
blogger,0,uniform,binary,8,0.022881136684755242,295,6.749935322002797
blogger,0,prior,binary,9,0.15706333751740087,291,45.70543121756365
blogger,1,uniform,binary,5,0.005546231841774188,200,1.1092463683548377
blogger,1,prior,binary,8,0.07774021848272616,248,19.27957418371609
blogger,2,uniform,binary,6,0.003995820181279418,404,1.614311353236885
blogger,2,prior,binary,4,0.008859437698884504,322,2.85273893904081
blogger,3,uniform,binary,7,0.2627578213927962,67,17.604774033317344
blogger,3,prior,binary,7,0.13527641560144066,79,10.686836832513812
blood-transfusion-service,0,uniform,binary,4,0.011783554288283348,395,4.654503943871923
blood-transfusion-service,0,prior,binary,4,0.03285633619294712,138,4.534174394626703
blood-transfusion-service,1,uniform,binary,4,0.03285633619294712,138,4.534174394626703
blood-transfusion-service,1,prior,binary,9,0.0021680781422723167,75,0.16260586067042376
blood-transfusion-service,2,uniform,binary,6,0.0032292200813579127,286,0.923556943268363
blood-transfusion-service,2,prior,binary,8,0.0015911875764177525,210,0.334149391047728
blood-transfusion-service,3,uniform,binary,4,0.006695937580147137,334,2.236443151769144
blood-transfusion-service,3,prior,binary,5,0.006634008602424957,282,1.870790425883838
breast-cancer-wisconsin,0,uniform,binary,2,0.019537338530850608,412,8.049383474710451
breast-cancer-wisconsin,0,prior,binary,2,0.028684266315606662,451,12.936604108338605
breast-cancer-wisconsin,1,uniform,binary,4,0.026153538852459534,302,7.898368733442779
breast-cancer-wisconsin,1,prior,binary,4,0.00952122290852631,499,4.751090231354629
breast-cancer-wisconsin,2,uniform,binary,2,0.09464334320503333,398,37.66805059560326
breast-cancer-wisconsin,2,prior,binary,3,0.012519113947126334,419,5.245508743845934
breast-cancer-wisconsin,3,uniform,binary,7,0.0019632702887198397,476,0.9345166574306437
breast-cancer-wisconsin,3,prior,binary,6,0.002020871170633994,405,0.8184528241067676
bupa,0,uniform,binary,4,0.04147902263819626,160,6.636643622111401
bupa,0,prior,binary,3,0.21255890182522577,178,37.835484524890184
bupa,1,uniform,binary,3,0.12154135989619516,212,25.766768297993373
bupa,1,prior,binary,2,0.0824701637512239,342,28.204796002918574
bupa,2,uniform,binary,3,0.1134573606840966,381,43.227254420640804
bupa,2,prior,binary,3,0.12556899835190602,179,22.47685070499118
bupa,3,uniform,binary,2,0.27255605731950083,378,103.02618966677132
bupa,3,prior,binary,2,0.0880568746665909,166,14.61744119465409
car-evaluation,0,uniform,multiclass,8,0.06264197449914974,419,26.24698731514374
car-evaluation,0,prior,multiclass,7,0.10853920735686398,478,51.88174111658098
car-evaluation,1,uniform,multiclass,8,0.06558394099175785,416,27.282919452571264
car-evaluation,1,prior,multiclass,10,0.0418738059263647,446,18.675717443158657
car-evaluation,2,uniform,multiclass,5,0.11413376541659405,263,30.017180304564235
car-evaluation,2,prior,multiclass,8,0.0705494331925153,412,29.066366475316304
car-evaluation,3,uniform,multiclass,8,0.15553381644116943,445,69.2125483163204
car-evaluation,3,prior,multiclass,6,0.1243455718276387,457,56.82592632523088
cardiotocography-3class,0,uniform,multiclass,10,0.10722281154061108,469,50.2874986125466
cardiotocography-3class,0,prior,multiclass,9,0.28768535237375736,91,26.17936706601192
cardiotocography-3class,1,uniform,multiclass,7,0.2627578213927962,67,17.604774033317344
cardiotocography-3class,1,prior,multiclass,9,0.0896923294048467,138,12.377541457868844
cardiotocography-3class,2,uniform,multiclass,10,0.07970568628470535,176,14.028200786108142
cardiotocography-3class,2,prior,multiclass,10,0.08037827045680596,204,16.397167173188414
cardiotocography-3class,3,uniform,multiclass,7,0.022810300129456756,347,7.915174144921495
cardiotocography-3class,3,prior,multiclass,4,0.05248019193547996,316,16.583740651611667
climate-simulation-craches,0,uniform,binary,4,0.0012515102073619021,220,0.27533224561961844
climate-simulation-craches,0,prior,binary,5,0.002484073581879939,299,0.7427380009821017
climate-simulation-craches,1,uniform,binary,7,0.005224713798479465,233,1.2173583150457152
climate-simulation-craches,1,prior,binary,10,0.0015166673620744461,379,0.574816930226215
climate-simulation-craches,2,uniform,binary,2,0.0018429654118489879,185,0.3409486011920628
climate-simulation-craches,2,prior,binary,10,0.0027582482885658683,367,1.0122771219036737
climate-simulation-craches,3,uniform,binary,8,0.022881136684755242,295,6.749935322002797
climate-simulation-craches,3,prior,binary,9,0.058141413908781955,357,20.756484765435157
cnae-9,0,uniform,multiclass,8,0.04802049132955582,492,23.62608173414146
cnae-9,0,prior,multiclass,8,0.04302625108353414,462,19.878128000592774
cnae-9,1,uniform,multiclass,8,0.042600512957046574,443,18.872027239971633
cnae-9,1,prior,multiclass,7,0.09735270775026891,360,35.04697479009681
cnae-9,2,uniform,multiclass,7,0.053826499073562406,420,22.60712961089621
cnae-9,2,prior,multiclass,7,0.056035676279619945,499,27.961802463530354
cnae-9,3,uniform,multiclass,8,0.13936042492433487,380,52.95696147124725
cnae-9,3,prior,multiclass,9,0.10655464926455849,240,25.573115823494035
colon32,0,uniform,binary,3,0.05579924562497697,180,10.043864212495855
colon32,0,prior,binary,4,0.04147902263819626,160,6.636643622111401
colon32,1,uniform,binary,2,0.0028883495450403546,86,0.2483980608734705
colon32,1,prior,binary,8,0.22639626217600398,247,55.919876757472984
colon32,2,uniform,binary,8,0.1977187273389299,165,32.62359001092343
colon32,2,prior,binary,2,0.03567056772978685,214,7.633501494174386
colon32,3,uniform,binary,2,0.0013655590983588518,54,0.073740191311378
colon32,3,prior,binary,10,0.0011229772337970484,469,0.5266763226508157
connectionist-mines-vs-rocks,0,uniform,binary,10,0.02162212081530693,273,5.902838982578793
connectionist-mines-vs-rocks,0,prior,binary,8,0.005374070136898132,350,1.8809245479143462
connectionist-mines-vs-rocks,1,uniform,binary,9,0.017903006189787178,424,7.590874624469763
connectionist-mines-vs-rocks,1,prior,binary,9,0.03493664661777996,383,13.380735654609724
connectionist-mines-vs-rocks,2,uniform,binary,8,0.024188790536259497,266,6.434218282645026
connectionist-mines-vs-rocks,2,prior,binary,9,0.010791766834040355,436,4.705210339641595
connectionist-mines-vs-rocks,3,uniform,binary,8,0.022881136684755242,295,6.749935322002797
connectionist-mines-vs-rocks,3,prior,binary,7,0.043020951213853326,397,17.07931763189977
connectionist-vowel,0,uniform,multiclass,9,0.05248019193547996,355,18.630468137095384
connectionist-vowel,0,prior,multiclass,9,0.08616527226321932,273,23.523119327858875
connectionist-vowel,1,uniform,multiclass,10,0.056844026300306126,357,20.293317389209285
connectionist-vowel,1,prior,multiclass,6,0.2540425687360036,461,117.11362418729766
connectionist-vowel,2,uniform,multiclass,10,0.10306587079398369,328,33.80560562042665
connectionist-vowel,2,prior,multiclass,7,0.06019319568910619,412,24.79959662391175
connectionist-vowel,3,uniform,multiclass,9,0.13656426113505635,350,47.797491397269724
connectionist-vowel,3,prior,multiclass,8,0.13113504277261795,453,59.40417437599593
connectionist-vowel-reduced,0,uniform,multiclass,10,0.038689674448446024,386,14.934214337100165
connectionist-vowel-reduced,0,prior,multiclass,10,0.038689674448446024,386,14.934214337100165
connectionist-vowel-reduced,1,uniform,multiclass,7,0.06065562723031531,305,18.49996630524617
connectionist-vowel-reduced,1,prior,multiclass,7,0.06065562723031531,305,18.49996630524617
connectionist-vowel-reduced,2,uniform,multiclass,9,0.044161539304694755,401,17.708777261182597
connectionist-vowel-reduced,2,prior,multiclass,9,0.044161539304694755,401,17.708777261182597
connectionist-vowel-reduced,3,uniform,multiclass,9,0.23671309174140895,365,86.40027848561427
connectionist-vowel-reduced,3,prior,multiclass,9,0.23671309174140895,365,86.40027848561427
contraceptive-method-choice,0,uniform,multiclass,2,0.10346825314720517,185,19.14162683223296
contraceptive-method-choice,0,prior,multiclass,2,0.17740303672775248,169,29.98111320699017
contraceptive-method-choice,1,uniform,multiclass,2,0.06285705588774922,250,15.714263971937305
contraceptive-method-choice,1,prior,multiclass,2,0.06285705588774922,250,15.714263971937305
contraceptive-method-choice,2,uniform,multiclass,3,0.12531909677345832,221,27.695520386934287
contraceptive-method-choice,2,prior,multiclass,5,0.018472115248313114,410,7.5735672518083765
contraceptive-method-choice,3,uniform,multiclass,7,0.018341116774521982,210,3.8516345226496163
contraceptive-method-choice,3,prior,multiclass,6,0.01290878652469555,476,6.144582385755082
dermatology,0,uniform,multiclass,9,0.017868892479931123,407,7.272639239331967
dermatology,0,prior,multiclass,5,0.027834031936936017,260,7.236848303603365
dermatology,1,uniform,multiclass,7,0.2627578213927962,67,17.604774033317344
dermatology,1,prior,multiclass,7,0.10475533743129782,193,20.21778012424048
dermatology,2,uniform,multiclass,3,0.03661200974013065,268,9.812018610355015
dermatology,2,prior,multiclass,4,0.0320915899206461,138,4.428639409049161
dermatology,3,uniform,multiclass,4,0.037691225012874134,142,5.352153951828127
dermatology,3,prior,multiclass,4,0.020647987393657835,380,7.846235209589977
eeg-eye-state,0,uniform,binary,9,0.12549257925911028,457,57.3501087214134
eeg-eye-state,0,prior,binary,9,0.056627191284392246,496,28.087086877058553
eeg-eye-state,1,uniform,binary,9,0.10895290285606568,482,52.51529917662366
eeg-eye-state,1,prior,binary,9,0.1103270371770898,470,51.853707473232205
eeg-eye-state,2,uniform,binary,10,0.06763236869884003,453,30.637463020574533
eeg-eye-state,2,prior,binary,9,0.06581304589874873,472,31.0637576642094
eeg-eye-state,3,uniform,binary,10,0.11600628536444242,438,50.81075298962578
eeg-eye-state,3,prior,binary,8,0.12203456509414876,435,53.08503581595471
flare,0,uniform,multiclass,2,0.0969228297024513,207,20.06302574840742
flare,0,prior,multiclass,3,0.15212221613122967,361,54.916120023373914
flare,1,uniform,multiclass,4,0.04147902263819626,160,6.636643622111401
flare,1,prior,multiclass,3,0.05399680603020547,174,9.395444249255752
flare,2,uniform,multiclass,9,0.01659773331375617,180,2.9875919964761106
flare,2,prior,multiclass,2,0.016060555506167386,500,8.030277753083693
flare,3,uniform,multiclass,5,0.060634146716295224,477,28.922487983672823
flare,3,prior,multiclass,4,0.041400094733926515,497,20.575847082761477
glioma16,0,uniform,binary,10,0.09116980021456399,463,42.21161749934313
glioma16,0,prior,binary,8,0.015833786743720896,447,7.07770267444324
glioma16,1,uniform,binary,7,0.002514718873633965,160,0.4023550197814344
glioma16,1,prior,binary,8,0.022881136684755242,295,6.749935322002797
glioma16,2,uniform,binary,8,0.07132539296234104,458,32.6670299767522
glioma16,2,prior,binary,10,0.08216426235485606,402,33.030033466652135
glioma16,3,uniform,binary,9,0.1613958927765394,370,59.71648032731958
glioma16,3,prior,binary,6,0.02470034442942674,188,4.643664752732227
habermans-survival,0,uniform,binary,3,0.08768779102621094,137,12.013227370590899
habermans-survival,0,prior,binary,6,0.009703596407541537,166,1.610797003651895
habermans-survival,1,uniform,binary,2,0.010615303747091149,151,1.6029108658107636
habermans-survival,1,prior,binary,2,0.0034949288068603364,171,0.5976328259731175
habermans-survival,2,uniform,binary,2,0.007811087719796261,141,1.101363368491273
habermans-survival,2,prior,binary,2,0.007811087719796261,141,1.101363368491273
habermans-survival,3,uniform,binary,8,0.0056674528253010895,310,1.7569103758433378
habermans-survival,3,prior,binary,5,0.007772212421595569,77,0.5984603564628588
hayes-roth,0,uniform,multiclass,2,0.07454810682501285,369,27.508251418429744
hayes-roth,0,prior,multiclass,3,0.19544866950942655,226,44.1713993091304
hayes-roth,1,uniform,multiclass,2,0.09610403647835015,368,35.36628542403286
hayes-roth,1,prior,multiclass,3,0.15206744134714478,500,76.03372067357239
hayes-roth,2,uniform,multiclass,2,0.2200503517517866,384,84.49933507268605
hayes-roth,2,prior,multiclass,2,0.23309995782737764,285,66.43348798080262
hayes-roth,3,uniform,multiclass,3,0.2072772409149678,457,94.72569909814028
hayes-roth,3,prior,multiclass,2,0.20749599881001637,353,73.24608757993578
heart-disease-processed-hungarian,0,uniform,binary,3,0.26143007201591156,52,13.594363744827401
heart-disease-processed-hungarian,0,prior,binary,6,0.05646006787444516,195,11.009713235516806
heart-disease-processed-hungarian,1,uniform,binary,5,0.02515842244485482,106,2.6667927791546107
heart-disease-processed-hungarian,1,prior,binary,3,0.00846283251373644,56,0.4739186207692407
heart-disease-processed-hungarian,2,uniform,binary,2,0.0036177766184234605,157,0.5679909290924833
heart-disease-processed-hungarian,2,prior,binary,2,0.010085009346529438,131,1.3211362243953564
heart-disease-processed-hungarian,3,uniform,binary,3,0.010297110172228419,88,0.9061456951561009
heart-disease-processed-hungarian,3,prior,binary,2,0.016608016148907466,170,2.8233627453142693
hepatitis,0,uniform,binary,4,0.0012235199189517358,116,0.14192831059840136
hepatitis,0,prior,binary,2,0.013350364494918145,174,2.322963422115757
hepatitis,1,uniform,binary,7,0.20862422381623735,328,68.42874541172586
hepatitis,1,prior,binary,7,0.17773270334126157,196,34.83560985488727
hepatitis,2,uniform,binary,5,0.0025613534813259974,248,0.6352156633688474
hepatitis,2,prior,binary,4,0.0012875579520717577,291,0.3746793640528815
hepatitis,3,uniform,binary,2,0.0014225887106494816,476,0.6771522262691532
hepatitis,3,prior,binary,2,0.001413915020238638,213,0.3011638993108299
hill-valley-with-noise,0,uniform,binary,3,0.20016339299951924,378,75.66176255381828
hill-valley-with-noise,0,prior,binary,2,0.18127216029339382,365,66.16433850708874
hill-valley-with-noise,1,uniform,binary,9,0.13516856219940881,309,41.76708571961733
hill-valley-with-noise,1,prior,binary,10,0.13500351465027205,428,57.78150427031644
hill-valley-with-noise,2,uniform,binary,2,0.20964502128309506,445,93.2920344709773
hill-valley-with-noise,2,prior,binary,10,0.1480993354269202,484,71.68007834662937
hill-valley-with-noise,3,uniform,binary,4,0.15098782552004497,325,49.071043294014615
hill-valley-with-noise,3,prior,binary,6,0.17999598058595592,186,33.4792523889878
hill-valley-without-noise,0,uniform,binary,6,0.20446735589962986,316,64.61168446428303
hill-valley-without-noise,0,prior,binary,7,0.289168778613716,474,137.06600106290136
hill-valley-without-noise,1,uniform,binary,6,0.1995777786070534,468,93.40240038810099
hill-valley-without-noise,1,prior,binary,9,0.18696749020232384,281,52.537864746852996
hill-valley-without-noise,2,uniform,binary,9,0.1684561360658108,387,65.19252465746878
hill-valley-without-noise,2,prior,binary,6,0.18545565759158883,316,58.60398779894207
hill-valley-without-noise,3,uniform,binary,9,0.1652454313621585,122,20.159942626183337
hill-valley-without-noise,3,prior,binary,9,0.10220985197346963,373,38.12427478610417
indian-liver-patient,0,uniform,binary,2,0.003974061971781646,140,0.5563686760494304
indian-liver-patient,0,prior,binary,3,0.001528776009196648,279,0.4265285065658648
indian-liver-patient,1,uniform,binary,10,0.016403457773141065,463,7.594800948964313
indian-liver-patient,1,prior,binary,10,0.015261149340881675,453,6.913300651419399
indian-liver-patient,2,uniform,binary,2,0.015071136346870198,330,4.973474994467165
indian-liver-patient,2,prior,binary,2,0.16179896617706324,341,55.17344746637856
indian-liver-patient,3,uniform,binary,9,0.020770255814473688,222,4.610996790813159
indian-liver-patient,3,prior,binary,9,0.023390110746721173,390,9.122143191221257
ionosphere,0,uniform,binary,4,0.1393604247629799,386,53.79312395851024
ionosphere,0,prior,binary,3,0.06364799945248172,194,12.347711893781453
ionosphere,1,uniform,binary,5,0.00877779554930793,111,0.9743353059731803
ionosphere,1,prior,binary,4,0.0024241069607325275,406,0.9841874260574062
ionosphere,2,uniform,binary,4,0.14032966658219506,494,69.32285529160436
ionosphere,2,prior,binary,3,0.04676008758661688,311,14.542387239437849
ionosphere,3,uniform,binary,4,0.058134243278936695,124,7.20864616658815
ionosphere,3,prior,binary,4,0.010297110172228419,425,4.376271823197078
iris,0,uniform,multiclass,8,0.022881136684755242,295,6.749935322002797
iris,0,prior,multiclass,6,0.18733648878132014,402,75.3092684900907
iris,1,uniform,multiclass,5,0.008214262547798683,266,2.1849938377144498
iris,1,prior,multiclass,5,0.0028748105154954057,414,1.190171553415098
iris,2,uniform,multiclass,8,0.022881136684755242,295,6.749935322002797
iris,2,prior,multiclass,8,0.022881136684755242,295,6.749935322002797
iris,3,uniform,multiclass,9,0.001122233999416817,442,0.4960274277422331
iris,3,prior,multiclass,9,0.001122233999416817,442,0.4960274277422331
kr-vs-k,0,uniform,multiclass,6,0.19418952710033632,471,91.4632672642584
kr-vs-k,0,prior,multiclass,6,0.19829101376092642,472,93.59335849515728
kr-vs-k,1,uniform,multiclass,7,0.21041059526748038,456,95.94723144197106
kr-vs-k,1,prior,multiclass,7,0.27811748657128976,474,131.82768863479134
kr-vs-k,2,uniform,multiclass,8,0.20984893617554334,432,90.65474042783472
kr-vs-k,2,prior,multiclass,6,0.2896780434373381,360,104.28409563744172
kr-vs-k,3,uniform,multiclass,7,0.19019959808108258,311,59.15207500321668
kr-vs-k,3,prior,multiclass,6,0.17061935993565633,483,82.40915084892201
led7digit,0,uniform,multiclass,2,0.0022912623583070946,452,1.0356505859548069
led7digit,0,prior,multiclass,3,0.015748984025774113,262,4.126233814752817
led7digit,1,uniform,multiclass,6,0.004794214966303014,431,2.0663066504765992
led7digit,1,prior,multiclass,8,0.004368931994440825,494,2.1582524052537675
led7digit,2,uniform,multiclass,3,0.0014598203402331966,261,0.3810131088008643
led7digit,2,prior,multiclass,2,0.03228808415667329,124,4.003722435427488
led7digit,3,uniform,multiclass,6,0.0021219798155780894,209,0.4434937814558207
led7digit,3,prior,multiclass,4,0.0036274293281562627,272,0.9866607772585034
letter,0,uniform,multiclass,7,0.21264513180974823,465,98.87998629153293
letter,0,prior,multiclass,7,0.11462192396154622,445,51.00675616288807
letter,1,uniform,multiclass,6,0.1879635649972678,450,84.58360424877051
letter,1,prior,multiclass,9,0.06506299639565248,474,30.839860291539274
letter,2,uniform,multiclass,8,0.14176511978035505,496,70.31549941105611
letter,2,prior,multiclass,8,0.16295502810180912,497,80.98864896659913
letter,3,uniform,multiclass,9,0.11246582324029639,460,51.734278690536335
letter,3,prior,multiclass,8,0.13936042492433487,499,69.5408520372431
leukemia-haslinger,0,uniform,binary,9,0.004358094025514307,151,0.6580721978526604
leukemia-haslinger,0,prior,binary,7,0.08003488987166947,147,11.765128811135412
leukemia-haslinger,1,uniform,binary,10,0.0011229772337970484,469,0.5266763226508157
leukemia-haslinger,1,prior,binary,8,0.0038593189232246305,344,1.3276057095892728
leukemia-haslinger,2,uniform,binary,5,0.18696749020232384,102,19.07068400063703
leukemia-haslinger,2,prior,binary,2,0.11021022899154065,498,54.88469403778724
leukemia-haslinger,3,uniform,binary,3,0.018645734517936875,323,6.022572249293611
leukemia-haslinger,3,prior,binary,9,0.13099479556705962,238,31.17676134496019
localization-for-person-activity,0,uniform,multiclass,7,0.2268618882467812,474,107.53253502897428
localization-for-person-activity,0,prior,multiclass,7,0.23534439992148184,377,88.72483877039866
localization-for-person-activity,1,uniform,multiclass,7,0.2270918886622475,469,106.50609578259407
localization-for-person-activity,1,prior,multiclass,6,0.17751491442553716,410,72.78111491447024
localization-for-person-activity,2,uniform,multiclass,7,0.27981345837356403,471,131.79213889394865
localization-for-person-activity,2,prior,multiclass,7,0.217819756320305,456,99.32580888205908
localization-for-person-activity,3,uniform,multiclass,6,0.16750158755357655,470,78.72574615018098
localization-for-person-activity,3,prior,multiclass,7,0.23959341873390042,342,81.94094920699395
lsvt-voice-rehabilitation,0,uniform,binary,7,0.2627578213927962,67,17.604774033317344
lsvt-voice-rehabilitation,0,prior,binary,2,0.13336188428351914,478,63.74698068752215
lsvt-voice-rehabilitation,1,uniform,binary,3,0.11252974364691277,127,14.291277443157922
lsvt-voice-rehabilitation,1,prior,binary,6,0.18237543907178594,263,47.9647404758797
lsvt-voice-rehabilitation,2,uniform,binary,10,0.10475533743129782,254,26.607855707549646
lsvt-voice-rehabilitation,2,prior,binary,8,0.025361752423459304,303,7.684610984308169
lsvt-voice-rehabilitation,3,uniform,binary,2,0.06044407810816254,361,21.820312197046675
lsvt-voice-rehabilitation,3,prior,binary,9,0.12154135989619516,239,29.048385015190643
madelon,0,uniform,binary,8,0.004314818633256778,463,1.9977610271978885
madelon,0,prior,binary,8,0.011204294395761037,450,5.041932478092466
madelon,1,uniform,binary,6,0.004549885392694053,254,1.1556708897442893
madelon,1,prior,binary,7,0.004258834145675507,317,1.3500504241791356
madelon,2,uniform,binary,10,0.04488008336854841,385,17.278832096891136
madelon,2,prior,binary,10,0.07564229974592863,387,29.273570001674383
madelon,3,uniform,binary,8,0.06319840284479036,443,27.99689246024213
madelon,3,prior,binary,9,0.05981024585720503,498,29.785502436888102
magic,0,uniform,binary,5,0.10258580548918221,354,36.315375143170506
magic,0,prior,binary,4,0.09756842203994465,489,47.71095837753293
magic,1,uniform,binary,5,0.09538521732403192,452,43.11411823046243
magic,1,prior,binary,6,0.0948936591951407,392,37.19831440449516
magic,2,uniform,binary,5,0.08961892688691732,453,40.59737387977354
magic,2,prior,binary,5,0.08414706919683625,453,38.118622346166816
magic,3,uniform,binary,7,0.05857468498475535,293,17.162382700533318
magic,3,prior,binary,5,0.09629982263390743,294,28.312147854368785
mammographic-mass,0,uniform,binary,4,0.054993076973459364,51,2.8046469256464275
mammographic-mass,0,prior,binary,9,0.0015919597086660377,245,0.39003012862317926
mammographic-mass,1,uniform,binary,2,0.0027703328905414556,165,0.4571049269393402
mammographic-mass,1,prior,binary,6,0.022843986471266644,146,3.33522202480493
mammographic-mass,2,uniform,binary,5,0.0014914091941551127,299,0.4459313490523787
mammographic-mass,2,prior,binary,5,0.01071557664590092,106,1.1358511244654976
mammographic-mass,3,uniform,binary,5,0.007772212421595562,77,0.5984603564628582
mammographic-mass,3,prior,binary,5,0.007772212421595569,77,0.5984603564628588
meta-data,0,uniform,multiclass,2,0.09660458258009687,400,38.64183303203875
meta-data,0,prior,multiclass,2,0.09660458258009687,400,38.64183303203875
meta-data,1,uniform,multiclass,2,0.06994559988946157,410,28.677695954679244
meta-data,1,prior,multiclass,2,0.06994559988946157,410,28.677695954679244
meta-data,2,uniform,multiclass,2,0.09660458258009687,400,38.64183303203875
meta-data,2,prior,multiclass,2,0.09660458258009687,400,38.64183303203875
meta-data,3,uniform,multiclass,2,0.099865750319577,294,29.36053059395564
meta-data,3,prior,multiclass,2,0.099865750319577,294,29.36053059395564
mfeat-fourier,0,uniform,multiclass,7,0.11792859759182044,347,40.921223364361694
mfeat-fourier,0,prior,multiclass,5,0.08836528286833693,378,33.40207692423136
mfeat-fourier,1,uniform,multiclass,5,0.07072522739249504,474,33.52375778404265
mfeat-fourier,1,prior,multiclass,6,0.053082959674007675,300,15.924887902202302
mfeat-fourier,2,uniform,multiclass,5,0.24384255846226835,288,70.22665683713329
mfeat-fourier,2,prior,multiclass,5,0.09274656589136412,308,28.56594229454015
mfeat-fourier,3,uniform,multiclass,5,0.19291466809307806,463,89.31949132709514
mfeat-fourier,3,prior,multiclass,6,0.04626013856906221,141,6.522679538237772
micro-mass-mixed-spectra,0,uniform,multiclass,4,0.13529478682592425,364,49.24730240463643
micro-mass-mixed-spectra,0,prior,multiclass,6,0.08454522080455044,276,23.334480942055922
micro-mass-mixed-spectra,1,uniform,multiclass,4,0.13936042492433487,206,28.708247534412983
micro-mass-mixed-spectra,1,prior,multiclass,6,0.05866423446638399,471,27.63085443366686
micro-mass-mixed-spectra,2,uniform,multiclass,3,0.11098064370223405,212,23.52789646487362
micro-mass-mixed-spectra,2,prior,multiclass,7,0.038543012142934895,354,13.644226298598953
micro-mass-mixed-spectra,3,uniform,multiclass,3,0.026418228137842763,465,12.284476084096886
micro-mass-mixed-spectra,3,prior,multiclass,4,0.06200979792926064,242,15.006371098881075
molecular-promotor-gene,0,uniform,binary,4,0.005517856776546062,243,1.340839196700693
molecular-promotor-gene,0,prior,binary,3,0.014182628809750606,415,5.885790956046502
molecular-promotor-gene,1,uniform,binary,3,0.004018527191885343,307,1.2336878479088003
molecular-promotor-gene,1,prior,binary,4,0.007958213834021888,361,2.8729151940819015
molecular-promotor-gene,2,uniform,binary,4,0.0023647623832242035,250,0.5911905958060509
molecular-promotor-gene,2,prior,binary,4,0.0023647623832242035,250,0.5911905958060509
molecular-promotor-gene,3,uniform,binary,7,0.002732009511695307,390,1.0654837095611698
molecular-promotor-gene,3,prior,binary,7,0.002732009511695307,390,1.0654837095611698
molecular-splice-junction,0,uniform,multiclass,5,0.207124126055459,404,83.67814692640543
molecular-splice-junction,0,prior,multiclass,5,0.11026836395194836,498,54.91364524807028
molecular-splice-junction,1,uniform,multiclass,6,0.03572349093953514,459,16.39708234124663
molecular-splice-junction,1,prior,multiclass,5,0.030172925180625164,473,14.271793610435703
molecular-splice-junction,2,uniform,multiclass,6,0.1544609019671545,348,53.75239388456977
molecular-splice-junction,2,prior,multiclass,3,0.1808804345859733,335,60.59494558630106
molecular-splice-junction,3,uniform,multiclass,3,0.2263756189873038,390,88.28649140504848
molecular-splice-junction,3,prior,multiclass,3,0.17999598058595592,315,56.698733884576114
monks1,0,uniform,binary,8,0.022881136684755242,295,6.749935322002797
monks1,0,prior,binary,8,0.022881136684755242,295,6.749935322002797
monks1,1,uniform,binary,8,0.022881136684755242,295,6.749935322002797
monks1,1,prior,binary,8,0.022881136684755242,295,6.749935322002797
monks1,2,uniform,binary,8,0.022881136684755242,295,6.749935322002797
monks1,2,prior,binary,8,0.022881136684755242,295,6.749935322002797
monks1,3,uniform,binary,8,0.022881136684755242,295,6.749935322002797
monks1,3,prior,binary,8,0.022881136684755242,295,6.749935322002797
monks3,0,uniform,binary,2,0.0022673132120419387,411,0.9318657301492368
monks3,0,prior,binary,2,0.004018527191885343,488,1.9610412696400472
monks3,1,uniform,binary,5,0.007772212421595562,77,0.5984603564628582
monks3,1,prior,binary,6,0.02609899393008871,120,3.131879271610645
monks3,2,uniform,binary,4,0.06281555559758659,369,23.17894001550945
monks3,2,prior,binary,3,0.1327437504117978,381,50.575368906894965
monks3,3,uniform,binary,5,0.24384255846226835,288,70.22665683713329
monks3,3,prior,binary,5,0.2438425584622684,288,70.2266568371333
movement-libras,0,uniform,multiclass,9,0.02831359982215988,262,7.418163153405889
movement-libras,0,prior,multiclass,10,0.02485802516649541,336,8.352296455942458
movement-libras,1,uniform,multiclass,9,0.04190458006330061,222,9.302816774052737
movement-libras,1,prior,multiclass,7,0.031617708416864634,238,7.525014603213783
movement-libras,2,uniform,multiclass,8,0.05447262108639748,220,11.983976639007444
movement-libras,2,prior,multiclass,8,0.05447262108639748,220,11.983976639007444
movement-libras,3,uniform,multiclass,9,0.03645251286332567,324,11.810614167717516
movement-libras,3,prior,multiclass,9,0.04012805120269608,251,10.072140851876716
movement-libras-10,0,uniform,multiclass,10,0.07240960760969573,203,14.699150344768233
movement-libras-10,0,prior,multiclass,8,0.04144090889828193,418,17.322299919481846
movement-libras-10,1,uniform,multiclass,7,0.013487755457302531,328,4.42398378999523
movement-libras-10,1,prior,multiclass,7,0.013487755457302531,328,4.42398378999523
movement-libras-10,2,uniform,multiclass,9,0.0054347284443519205,339,1.842372942635301
movement-libras-10,2,prior,multiclass,6,0.030053444282721498,496,14.906508364229863
movement-libras-10,3,uniform,multiclass,9,0.06633919881278916,323,21.427561216530897
movement-libras-10,3,prior,multiclass,7,0.13714844763652848,353,48.41340201569455
multiple-features,0,uniform,multiclass,7,0.08499922938409414,182,15.469859747905133
multiple-features,0,prior,multiclass,9,0.060888491613534323,476,28.982922008042337
multiple-features,1,uniform,multiclass,5,0.22102986400903005,425,93.93769220383777
multiple-features,1,prior,multiclass,8,0.13814264310694374,329,45.44892958218449
multiple-features,2,uniform,multiclass,8,0.05089707479787333,425,21.631256789096167
multiple-features,2,prior,multiclass,9,0.05895060970315538,421,24.818206685028414
multiple-features,3,uniform,multiclass,6,0.1140519200490361,279,31.82048569368107
multiple-features,3,prior,multiclass,10,0.09893166811603761,445,44.02459231163674
mushroom,0,uniform,binary,8,0.022881136684755242,295,6.749935322002797
mushroom,0,prior,binary,8,0.022881136684755242,295,6.749935322002797
mushroom,1,uniform,binary,8,0.022881136684755242,295,6.749935322002797
mushroom,1,prior,binary,8,0.022881136684755242,295,6.749935322002797
mushroom,2,uniform,binary,8,0.022881136684755242,295,6.749935322002797
mushroom,2,prior,binary,8,0.022881136684755242,295,6.749935322002797
mushroom,3,uniform,binary,8,0.022881136684755242,295,6.749935322002797
mushroom,3,prior,binary,8,0.022881136684755242,295,6.749935322002797
mushroom-expanded,0,uniform,binary,8,0.022881136684755242,295,6.749935322002797
mushroom-expanded,0,prior,binary,8,0.022881136684755242,295,6.749935322002797
mushroom-expanded,1,uniform,binary,8,0.022881136684755242,295,6.749935322002797
mushroom-expanded,1,prior,binary,8,0.022881136684755242,295,6.749935322002797
mushroom-expanded,2,uniform,binary,8,0.022881136684755242,295,6.749935322002797
mushroom-expanded,2,prior,binary,8,0.022881136684755242,295,6.749935322002797
mushroom-expanded,3,uniform,binary,8,0.022881136684755242,295,6.749935322002797
mushroom-expanded,3,prior,binary,8,0.022881136684755242,295,6.749935322002797
nursery-4class,0,uniform,multiclass,5,0.24384255846226835,288,70.22665683713329
nursery-4class,0,prior,multiclass,5,0.2438425584622684,288,70.2266568371333
nursery-4class,1,uniform,multiclass,5,0.24384255846226835,288,70.22665683713329
nursery-4class,1,prior,multiclass,5,0.2438425584622684,288,70.2266568371333
nursery-4class,2,uniform,multiclass,4,0.20222956521986707,275,55.61313043546345
nursery-4class,2,prior,multiclass,5,0.18039876183269007,255,46.00168426733597
nursery-4class,3,uniform,multiclass,5,0.24384255846226835,288,70.22665683713329
nursery-4class,3,prior,multiclass,5,0.2438425584622684,288,70.2266568371333
optdigits,0,uniform,multiclass,7,0.13888583686242958,436,60.5542248720193
optdigits,0,prior,multiclass,6,0.17814674830338134,321,57.18510620538541
optdigits,1,uniform,multiclass,5,0.19675308420903015,468,92.0804434098261
optdigits,1,prior,multiclass,6,0.20749599881001637,497,103.12551140857813
optdigits,2,uniform,multiclass,6,0.19976328661109802,496,99.08259015910461
optdigits,2,prior,multiclass,7,0.13857284153495214,417,57.78487492007504
optdigits,3,uniform,multiclass,6,0.17684465927122991,405,71.62208700484811
optdigits,3,prior,multiclass,8,0.07142899928960493,424,30.28589569879249
ozone-eighthr,0,uniform,binary,8,0.15855239506427224,433,68.65318706282989
ozone-eighthr,0,prior,binary,8,0.10041518232707321,488,49.00260897561173
ozone-eighthr,1,uniform,binary,8,0.016680002022865993,460,7.672800930518357
ozone-eighthr,1,prior,binary,10,0.021013618782640926,381,8.006188756186193
ozone-eighthr,2,uniform,binary,7,0.053324087987610985,468,24.95567317820194
ozone-eighthr,2,prior,binary,7,0.0290093447167079,473,13.721420051002838
ozone-eighthr,3,uniform,binary,10,0.05121643393595239,359,18.386699783006907
ozone-eighthr,3,prior,binary,9,0.06160456077965089,412,25.381079041216164
ozone-onehr,0,uniform,binary,7,0.00605831060918792,340,2.0598256071238925
ozone-onehr,0,prior,binary,8,0.022881136684755242,295,6.749935322002797
ozone-onehr,1,uniform,binary,10,0.018018288627228058,313,5.639724340322382
ozone-onehr,1,prior,binary,4,0.04147902263819626,160,6.636643622111401
ozone-onehr,2,uniform,binary,7,0.013711262201470486,321,4.401315166672026
ozone-onehr,2,prior,binary,10,0.013999749405435295,302,4.227924320441459
ozone-onehr,3,uniform,binary,10,0.013167334915213018,291,3.8316944603269882
ozone-onehr,3,prior,binary,7,0.0019632702887198397,476,0.9345166574306437
page-blocks,0,uniform,multiclass,7,0.031617708416864634,261,8.25222189680167
page-blocks,0,prior,multiclass,9,0.0010346014824550755,399,0.4128059914995751
page-blocks,1,uniform,multiclass,10,0.029990735813592045,418,12.536127570081476
page-blocks,1,prior,multiclass,9,0.025591492576615818,295,7.549490310101667
page-blocks,2,uniform,multiclass,8,0.04805327817924296,364,17.491393257244436
page-blocks,2,prior,multiclass,6,0.023261302038811448,228,5.30357686484901
page-blocks,3,uniform,multiclass,10,0.013793941896609263,357,4.924437257089507
page-blocks,3,prior,multiclass,9,0.05663743269591201,397,22.485060780277067
parkinsons,0,uniform,binary,9,0.017345978218501597,481,8.343415523099267
parkinsons,0,prior,binary,10,0.01876763970393296,459,8.614346624105229
parkinsons,1,uniform,binary,10,0.018601339250226036,395,7.347529003839284
parkinsons,1,prior,binary,6,0.04769045891165,375,17.883922091868747
parkinsons,2,uniform,binary,4,0.03249274615973877,356,11.567417632867
parkinsons,2,prior,binary,7,0.0291207995587947,444,12.929635004104847
parkinsons,3,uniform,binary,7,0.0345332232582998,366,12.639159712537726
parkinsons,3,prior,binary,8,0.022881136684755242,295,6.749935322002797
pendigits,0,uniform,multiclass,10,0.11402680642529604,385,43.90032047373898
pendigits,0,prior,multiclass,7,0.2270918886622475,223,50.641491171681196
pendigits,1,uniform,multiclass,7,0.2010228163588808,218,43.82297396623601
pendigits,1,prior,multiclass,9,0.18696749020232384,302,56.4641820411018
pendigits,2,uniform,multiclass,7,0.20055407498056987,459,92.05432041608157
pendigits,2,prior,multiclass,9,0.14155393427046936,497,70.35230533242327
pendigits,3,uniform,multiclass,8,0.24197795243152756,307,74.28723139647896
pendigits,3,prior,multiclass,6,0.28860698936997314,249,71.86314035312331
phoneme,0,uniform,binary,9,0.14814276038460109,472,69.92338290153171
phoneme,0,prior,binary,9,0.09258764435354065,431,39.90527471637602
phoneme,1,uniform,binary,10,0.13433161787321776,387,51.98633611693528
phoneme,1,prior,binary,10,0.09725816306504256,348,33.84584074663481
phoneme,2,uniform,binary,9,0.17354889196167017,304,52.75886315634773
phoneme,2,prior,binary,9,0.0556184121816996,346,19.24397061486806
phoneme,3,uniform,binary,10,0.055954473207820314,455,25.459285309558243
phoneme,3,prior,binary,10,0.06812354938444624,290,19.75582932148941
pima-indians-diabetes,0,uniform,binary,2,0.10764041863436374,129,13.885614003832924
pima-indians-diabetes,0,prior,binary,2,0.10453568032556443,115,12.021603237439908
pima-indians-diabetes,1,uniform,binary,2,0.0791251458293028,193,15.271153145055441
pima-indians-diabetes,1,prior,binary,4,0.03108489564102378,277,8.610516092563588
pima-indians-diabetes,2,uniform,binary,2,0.10517297444207725,159,16.722502936290283
pima-indians-diabetes,2,prior,binary,3,0.05320669943511263,122,6.491217331083741
pima-indians-diabetes,3,uniform,binary,3,0.03060530618597331,244,7.467694709377487
pima-indians-diabetes,3,prior,binary,8,0.0019236095739444943,471,0.9060201093278568
planning-relax,0,uniform,binary,9,0.2961606328723631,262,77.59408581255913
planning-relax,0,prior,binary,10,0.2944713376736649,393,115.7272357057503
planning-relax,1,uniform,binary,8,0.10592205494203202,494,52.32549514136382
planning-relax,1,prior,binary,7,0.0019632702887198397,476,0.9345166574306437
planning-relax,2,uniform,binary,9,0.18123599400782534,287,52.01473028024587
planning-relax,2,prior,binary,2,0.008530100039595798,380,3.2414380150464033
planning-relax,3,uniform,binary,7,0.2627578213927962,67,17.604774033317344
planning-relax,3,prior,binary,7,0.16319112667994687,378,61.686245885019915
plant-species-leaves-margin,0,uniform,multiclass,7,0.06333408763927417,337,21.343587534435397
plant-species-leaves-margin,0,prior,multiclass,7,0.06333408763927417,337,21.343587534435397
plant-species-leaves-margin,1,uniform,multiclass,8,0.03344258771302216,420,14.045886839469306
plant-species-leaves-margin,1,prior,multiclass,8,0.03344258771302216,420,14.045886839469306
plant-species-leaves-margin,2,uniform,multiclass,5,0.030728809362922015,463,14.227438735032893
plant-species-leaves-margin,2,prior,multiclass,5,0.030728809362922015,463,14.227438735032893
plant-species-leaves-margin,3,uniform,multiclass,5,0.2002782175115406,477,95.53270975300487
plant-species-leaves-margin,3,prior,multiclass,6,0.05695095293096027,496,28.247672653756297
plant-species-leaves-shape,0,uniform,multiclass,10,0.05478038369145474,358,19.611377361540796
plant-species-leaves-shape,0,prior,multiclass,10,0.05478038369145474,358,19.611377361540796
plant-species-leaves-shape,1,uniform,multiclass,8,0.10017109614290794,455,45.57784874502311
plant-species-leaves-shape,1,prior,multiclass,9,0.057213001929274004,404,23.114052779426697
plant-species-leaves-shape,2,uniform,multiclass,9,0.047465993410893775,432,20.50530915350611
plant-species-leaves-shape,2,prior,multiclass,6,0.09103062428572296,445,40.508627807146716
plant-species-leaves-shape,3,uniform,multiclass,10,0.03438370729874561,425,14.613075601966885
plant-species-leaves-shape,3,prior,multiclass,10,0.03438370729874561,425,14.613075601966885
qsar-biodegradation,0,uniform,binary,8,0.09996027892114893,317,31.687408418004214
qsar-biodegradation,0,prior,binary,8,0.08898978139820282,215,19.132803000613606
qsar-biodegradation,1,uniform,binary,8,0.06147575448933971,415,25.51243811307598
qsar-biodegradation,1,prior,binary,9,0.05271418054485458,349,18.397249010154248
qsar-biodegradation,2,uniform,binary,10,0.020377180122151017,335,6.826355340920591
qsar-biodegradation,2,prior,binary,8,0.01952055084055568,352,6.8712338958756
qsar-biodegradation,3,uniform,binary,8,0.028227390498723925,405,11.432093151983189
qsar-biodegradation,3,prior,binary,3,0.07001620364718594,212,14.843435173203419
ringnorm,0,uniform,binary,4,0.12898632898527912,356,45.91913311875937
ringnorm,0,prior,binary,2,0.18803153141467152,378,71.07591887474584
ringnorm,1,uniform,binary,5,0.11118549355458074,352,39.137293731212424
ringnorm,1,prior,binary,3,0.10341479198074324,309,31.95517072204966
ringnorm,2,uniform,binary,4,0.1528070625806536,422,64.48458040903581
ringnorm,2,prior,binary,4,0.09880686894684645,413,40.807236875047586
ringnorm,3,uniform,binary,5,0.03042516248839136,410,12.474316620240458
ringnorm,3,prior,binary,4,0.03967427953505764,473,18.76593422008226
robot-failure-lp1,0,uniform,multiclass,9,0.011863132146952985,337,3.997875533523156
robot-failure-lp1,0,prior,multiclass,7,0.013487755457302531,328,4.42398378999523
robot-failure-lp1,1,uniform,multiclass,4,0.06272781372768185,216,13.54920776517928
robot-failure-lp1,1,prior,multiclass,3,0.05687545150122781,193,10.976962139736967
robot-failure-lp1,2,uniform,multiclass,9,0.0014502216620148264,395,0.5728375564958564
robot-failure-lp1,2,prior,multiclass,9,0.00470580548482584,497,2.338785325958442
robot-failure-lp1,3,uniform,multiclass,5,0.003619699594267663,399,1.4442601381127975
robot-failure-lp1,3,prior,multiclass,3,0.004683367496036779,174,0.8149059443103996
robot-failure-lp4,0,uniform,multiclass,9,0.004186588764350534,263,1.1010728450241904
robot-failure-lp4,0,prior,multiclass,10,0.08373470643633361,361,30.228229023516434
robot-failure-lp4,1,uniform,multiclass,6,0.043627851225540054,407,17.756535448794804
robot-failure-lp4,1,prior,multiclass,7,0.2627578213927963,67,17.60477403331735
robot-failure-lp4,2,uniform,multiclass,4,0.03693535622146362,238,8.790614780708342
robot-failure-lp4,2,prior,multiclass,2,0.08033680786949995,200,16.06736157389999
robot-failure-lp4,3,uniform,multiclass,8,0.08228840645092607,140,11.52037690312965
robot-failure-lp4,3,prior,multiclass,9,0.17062864622485935,438,74.7353470464884
robot-failure-lp5,0,uniform,multiclass,5,0.03624782935461549,356,12.904227250243116
robot-failure-lp5,0,prior,multiclass,5,0.2438425584622684,288,70.2266568371333
robot-failure-lp5,1,uniform,multiclass,2,0.10917254338338521,381,41.594739029069764
robot-failure-lp5,1,prior,multiclass,10,0.015291611932053565,403,6.162519608617586
robot-failure-lp5,2,uniform,multiclass,9,0.2064837390314538,91,18.7900202518623
robot-failure-lp5,2,prior,multiclass,4,0.04317138675990755,431,18.606867693520154
robot-failure-lp5,3,uniform,multiclass,2,0.13656426113505635,207,28.268802054956662
robot-failure-lp5,3,prior,multiclass,4,0.031891009033865034,454,14.478518101374725
robot-nav-sensor-readings-2,0,uniform,multiclass,4,0.05757538569862965,362,20.842289622903934
robot-nav-sensor-readings-2,0,prior,multiclass,7,0.06950188627280808,268,18.626505521112566
robot-nav-sensor-readings-2,1,uniform,multiclass,2,0.132481497640707,101,13.380631261711406
robot-nav-sensor-readings-2,1,prior,multiclass,3,0.14145573476004458,228,32.251907525290164
robot-nav-sensor-readings-2,2,uniform,multiclass,8,0.11297306894412705,118,13.330822135406992
robot-nav-sensor-readings-2,2,prior,multiclass,4,0.0535810267784663,245,13.127351560724245
robot-nav-sensor-readings-2,3,uniform,multiclass,7,0.11481603908786013,230,26.40768899020783
robot-nav-sensor-readings-2,3,prior,multiclass,5,0.2438425584622684,288,70.2266568371333
robot-nav-sensor-readings-24,0,uniform,multiclass,5,0.15372498571449672,402,61.79744425722768
robot-nav-sensor-readings-24,0,prior,multiclass,6,0.13529050370180215,435,58.85136911028393
robot-nav-sensor-readings-24,1,uniform,multiclass,3,0.1701622834069206,326,55.47290439065612
robot-nav-sensor-readings-24,1,prior,multiclass,10,0.09784400484173773,192,18.786048929613646
robot-nav-sensor-readings-24,2,uniform,multiclass,5,0.20749599881001637,132,27.389471842922163
robot-nav-sensor-readings-24,2,prior,multiclass,4,0.22825083117241496,363,82.85505171558663
robot-nav-sensor-readings-24,3,uniform,multiclass,9,0.06918347693758486,257,17.78015357295931
robot-nav-sensor-readings-24,3,prior,multiclass,5,0.19675213479886358,271,53.31982853049203
robot-nav-sensor-readings-4,0,uniform,multiclass,2,0.2477693562091797,375,92.91350857844239
robot-nav-sensor-readings-4,0,prior,multiclass,3,0.2072772409149678,352,72.96158880206866
robot-nav-sensor-readings-4,1,uniform,multiclass,5,0.21255890182522577,434,92.25056339214798
robot-nav-sensor-readings-4,1,prior,multiclass,10,0.056637650716364125,438,24.807291013767486
robot-nav-sensor-readings-4,2,uniform,multiclass,4,0.06609673728425598,177,11.699122499313308
robot-nav-sensor-readings-4,2,prior,multiclass,3,0.1172313457477229,270,31.65246335188518
robot-nav-sensor-readings-4,3,uniform,multiclass,3,0.012224546319769582,423,5.170983093262533
robot-nav-sensor-readings-4,3,prior,multiclass,4,0.060168609289385146,154,9.265965830565312
saheart,0,uniform,binary,2,0.010409546542537096,199,2.071499761964882
saheart,0,prior,binary,3,0.0020887662759822463,230,0.48041624347591666
saheart,1,uniform,binary,2,0.012795840425315272,182,2.3288429574073795
saheart,1,prior,binary,2,0.008871432507227078,351,3.1138728100367046
saheart,2,uniform,binary,4,0.0013079904628307453,498,0.6513792504897111
saheart,2,prior,binary,4,0.0030611461970717767,266,0.8142648884210926
saheart,3,uniform,binary,5,0.007772212421595562,77,0.5984603564628582
saheart,3,prior,binary,3,0.00218956825303325,314,0.6875244314524405
seeds,0,uniform,multiclass,9,0.0029811676484356713,56,0.16694538831239758
seeds,0,prior,multiclass,10,0.0010360013929672143,417,0.43201258086732836
seeds,1,uniform,multiclass,10,0.060466085728142306,190,11.488556288347038
seeds,1,prior,multiclass,8,0.030301071464099445,390,11.817417870998783
seeds,2,uniform,multiclass,9,0.03999757547677741,371,14.839100501884419
seeds,2,prior,multiclass,9,0.022810300129456756,347,7.915174144921495
seeds,3,uniform,multiclass,7,0.004561371256659808,382,1.7424438200440466
seeds,3,prior,multiclass,8,0.0719144016527781,82,5.896980935527804
seismic-bumps,0,uniform,binary,8,0.0010920487742229158,352,0.38440116852646633
seismic-bumps,0,prior,binary,9,0.0010026012044276568,328,0.3288531950522714
seismic-bumps,1,uniform,binary,10,0.001471776782563537,411,0.6049002576336137
seismic-bumps,1,prior,binary,7,0.002058683583572326,87,0.17910547177079233
seismic-bumps,2,uniform,binary,3,0.008734032816818433,209,1.8254128587150527
seismic-bumps,2,prior,binary,2,0.004660838724396055,410,1.9109438770023826
seismic-bumps,3,uniform,binary,4,0.05906687594891404,131,7.737760749307739
seismic-bumps,3,prior,binary,10,0.002221828869484733,183,0.4065946831157061
semeion,0,uniform,multiclass,4,0.11915403971872374,500,59.57701985936187
semeion,0,prior,multiclass,4,0.14739145463543546,485,71.48485549818619
semeion,1,uniform,multiclass,6,0.0653957374552694,341,22.299946472246866
semeion,1,prior,multiclass,6,0.0678773168377207,438,29.730264774921668
semeion,2,uniform,multiclass,6,0.10711760680041131,394,42.204337079362055
semeion,2,prior,multiclass,6,0.12401380059405519,427,52.953892853661564
semeion,3,uniform,multiclass,4,0.27352710293530924,459,125.54894024730694
semeion,3,prior,multiclass,4,0.09075373537138787,477,43.28953177215201
skin-segmentation,0,uniform,binary,10,0.10938595241501194,212,23.18982191198253
skin-segmentation,0,prior,binary,10,0.04471268585164547,375,16.76725719436705
skin-segmentation,1,uniform,binary,10,0.038689674448446024,386,14.934214337100165
skin-segmentation,1,prior,binary,10,0.07140474932280713,400,28.561899729122853
skin-segmentation,2,uniform,binary,9,0.05791916336736437,338,19.576677218169156
skin-segmentation,2,prior,binary,10,0.18548235514396264,283,52.49150650574143
skin-segmentation,3,uniform,binary,10,0.0970898861780258,423,41.06902185330492
skin-segmentation,3,prior,binary,10,0.09562667930756233,403,38.53755176094762
spambase,0,uniform,binary,6,0.15478205383799884,196,30.33728255224777
spambase,0,prior,binary,9,0.06622319138411958,223,14.767771678658667
spambase,1,uniform,binary,10,0.07286195939617289,481,35.04660246955916
spambase,1,prior,binary,7,0.04972945148137885,455,22.626900424027376
spambase,2,uniform,binary,8,0.035104740845931154,475,16.6747519018173
spambase,2,prior,binary,10,0.02951746692136672,283,8.353443138746782
spambase,3,uniform,binary,10,0.17133653771820276,327,56.0270478338523
spambase,3,prior,binary,10,0.06948924987887883,413,28.69906019997696
spectf-heart,0,uniform,binary,8,0.026153538852459534,276,7.218376723278832
spectf-heart,0,prior,binary,8,0.024003111118998867,249,5.976774668630718
spectf-heart,1,uniform,binary,10,0.011522937740600987,262,3.0190096880374586
spectf-heart,1,prior,binary,10,0.00459070240901415,197,0.9043683745757876
spectf-heart,2,uniform,binary,9,0.004435870770024334,477,2.1159103573016074
spectf-heart,2,prior,binary,10,0.002657506653409252,365,0.969989928494377
spectf-heart,3,uniform,binary,9,0.001122233999416817,442,0.4960274277422331
spectf-heart,3,prior,binary,10,0.0010316784584977843,499,0.5148075507903943
statlog-australian-credit,0,uniform,binary,8,0.0016733307879744416,470,0.7864654703479875
statlog-australian-credit,0,prior,binary,4,0.03573594505660428,142,5.074504198037808
statlog-australian-credit,1,uniform,binary,4,0.0074406608034853295,231,1.718792645605111
statlog-australian-credit,1,prior,binary,4,0.006369205518789946,320,2.0381457660127826
statlog-australian-credit,2,uniform,binary,9,0.0015173642620301636,411,0.6236367116943973
statlog-australian-credit,2,prior,binary,2,0.0155818357781396,312,4.8615327627795555
statlog-australian-credit,3,uniform,binary,3,0.05839464832365007,406,23.70822721940193
statlog-australian-credit,3,prior,binary,2,0.054289521986429355,357,19.38135934915528
statlog-german-credit,0,uniform,binary,9,0.010297110172228419,260,2.677248644779389
statlog-german-credit,0,prior,binary,7,0.0513653272736176,210,10.786718727459697
statlog-german-credit,1,uniform,binary,7,0.11932947544968352,127,15.154843382109807
statlog-german-credit,1,prior,binary,5,0.16674676305107974,401,66.86545198348298
statlog-german-credit,2,uniform,binary,4,0.024011435335686566,453,10.877180207066015
statlog-german-credit,2,prior,binary,6,0.018192512590004838,271,4.930170911891311
statlog-german-credit,3,uniform,binary,3,0.07182643249248516,429,30.81353953927613
statlog-german-credit,3,prior,binary,4,0.057285877447267534,224,12.832036548187927
statlog-heart,0,uniform,binary,10,0.007017280600654614,302,2.1192187413976935
statlog-heart,0,prior,binary,8,0.0014584042130943527,476,0.6942004054329118
statlog-heart,1,uniform,binary,2,0.014613465555740404,230,3.361097077820293
statlog-heart,1,prior,binary,2,0.0016236322549027355,111,0.18022318029420364
statlog-heart,2,uniform,binary,4,0.002047438169911734,426,0.8722086603823986
statlog-heart,2,prior,binary,4,0.005274895796155054,140,0.7384854114617075
statlog-heart,3,uniform,binary,3,0.006204718472839417,140,0.8686605861975183
statlog-heart,3,prior,binary,5,0.0030687276498120946,93,0.2853916714325248
statlog-image-segmentation,0,uniform,multiclass,10,0.2944713376736648,204,60.07215288542762
statlog-image-segmentation,0,prior,multiclass,8,0.05912009568697448,450,26.604043059138515
statlog-image-segmentation,1,uniform,multiclass,6,0.1395250476572666,389,54.275243538676705
statlog-image-segmentation,1,prior,multiclass,8,0.07698611927095027,389,29.947600396399654
statlog-image-segmentation,2,uniform,multiclass,7,0.2948980510002786,388,114.4204437881081
statlog-image-segmentation,2,prior,multiclass,9,0.15460972397974052,421,65.09069379547076
statlog-image-segmentation,3,uniform,multiclass,5,0.0707622357940069,475,33.61206200215327
statlog-image-segmentation,3,prior,multiclass,6,0.05704878378280373,413,23.56114770229794
statlog-landsat-satellite,0,uniform,multiclass,10,0.062329816981337875,401,24.994256609516487
statlog-landsat-satellite,0,prior,multiclass,10,0.05040779098316027,494,24.901448745681172
statlog-landsat-satellite,1,uniform,multiclass,8,0.08028727523639853,459,36.85185933350692
statlog-landsat-satellite,1,prior,multiclass,6,0.12806965983003263,388,49.69102801405266
statlog-landsat-satellite,2,uniform,multiclass,10,0.053292506479662285,355,18.91883980028011
statlog-landsat-satellite,2,prior,multiclass,9,0.03634566784271681,414,15.04710648688476
statlog-landsat-satellite,3,uniform,multiclass,9,0.07526997504989588,424,31.914469421155854
statlog-landsat-satellite,3,prior,multiclass,8,0.17378957142670287,448,77.85772799916289
statlog-vehicle-silhouettes,0,uniform,multiclass,5,0.031011919279618428,353,10.947207505705306
statlog-vehicle-silhouettes,0,prior,multiclass,4,0.13936042476297997,175,24.388074333521494
statlog-vehicle-silhouettes,1,uniform,multiclass,5,0.20061818043326257,125,25.077272554157823
statlog-vehicle-silhouettes,1,prior,multiclass,5,0.17819061033861852,260,46.32955868804081
statlog-vehicle-silhouettes,2,uniform,multiclass,2,0.29621146235007506,423,125.29744857408176
statlog-vehicle-silhouettes,2,prior,multiclass,2,0.29450880133816626,456,134.2960134102038
statlog-vehicle-silhouettes,3,uniform,multiclass,2,0.0791251458293028,376,29.751054831817854
statlog-vehicle-silhouettes,3,prior,multiclass,2,0.10357363289240977,459,47.54029749761609
systhetic-control,0,uniform,multiclass,7,0.037271831757954926,406,15.1323636937297
systhetic-control,0,prior,multiclass,7,0.029907018581350756,266,7.955266942639301
systhetic-control,1,uniform,multiclass,3,0.11861313481809455,488,57.883209791230136
systhetic-control,1,prior,multiclass,6,0.025875316869599676,427,11.048760303319062
systhetic-control,2,uniform,multiclass,2,0.0791251458293028,376,29.751054831817854
systhetic-control,2,prior,multiclass,2,0.08327501840295645,386,32.14415710354119
systhetic-control,3,uniform,multiclass,7,0.026731660949827745,328,8.767984791543501
systhetic-control,3,prior,multiclass,4,0.04147902263819626,160,6.636643622111401
tamilnadu-electricity,0,uniform,multiclass,5,0.24384255846226835,288,70.22665683713329
tamilnadu-electricity,0,prior,multiclass,5,0.2438425584622684,288,70.2266568371333
tamilnadu-electricity,1,uniform,multiclass,5,0.24384255846226835,288,70.22665683713329
tamilnadu-electricity,1,prior,multiclass,5,0.2438425584622684,288,70.2266568371333
tamilnadu-electricity,2,uniform,multiclass,5,0.24384255846226835,288,70.22665683713329
tamilnadu-electricity,2,prior,multiclass,5,0.2438425584622684,288,70.2266568371333
tamilnadu-electricity,3,uniform,multiclass,5,0.24384255846226835,288,70.22665683713329
tamilnadu-electricity,3,prior,multiclass,5,0.2438425584622684,288,70.2266568371333
teaching-assistant-evaluation,0,uniform,multiclass,10,0.18676853110860245,430,80.31046837669905
teaching-assistant-evaluation,0,prior,multiclass,10,0.11826305860688799,264,31.22144747221843
teaching-assistant-evaluation,1,uniform,multiclass,10,0.04212358075542698,335,14.111399553068038
teaching-assistant-evaluation,1,prior,multiclass,10,0.059764467478674706,424,25.340134210958077
teaching-assistant-evaluation,2,uniform,multiclass,8,0.001481250005856453,499,0.7391437529223701
teaching-assistant-evaluation,2,prior,multiclass,6,0.009703596407541537,263,2.552045855183424
teaching-assistant-evaluation,3,uniform,multiclass,9,0.25075323557014945,269,67.4526203683702
teaching-assistant-evaluation,3,prior,multiclass,10,0.1294107662335671,234,30.2821192986547
texture,0,uniform,multiclass,7,0.20939984077601198,426,89.2043321705811
texture,0,prior,multiclass,6,0.25181892582317217,469,118.10307621106774
texture,1,uniform,multiclass,6,0.19881018732613384,471,93.63959823060904
texture,1,prior,multiclass,9,0.11423175712728822,499,57.001646806516824
texture,2,uniform,multiclass,8,0.16388275082353018,402,65.88086583105914
texture,2,prior,multiclass,6,0.19981166477473722,472,94.31110577367596
texture,3,uniform,multiclass,6,0.16680826129575602,404,67.39053756348542
texture,3,prior,multiclass,6,0.1512417831891566,467,70.62991274933613
thoracic-surgery,0,uniform,binary,9,0.17488587192958946,142,24.8337938140017
thoracic-surgery,0,prior,binary,7,0.2627578213927963,67,17.60477403331735
thoracic-surgery,1,uniform,binary,3,0.04287117288774125,81,3.4725650039070413
thoracic-surgery,1,prior,binary,3,0.0018249927841428465,52,0.09489962477542802
thoracic-surgery,2,uniform,binary,10,0.003255385342905777,108,0.3515816170338239
thoracic-surgery,2,prior,binary,6,0.002961963199069301,275,0.8145398797440578
thoracic-surgery,3,uniform,binary,10,0.002174325758578842,432,0.9393087277060598
thoracic-surgery,3,prior,binary,9,0.0014692223929477952,106,0.1557375736524663
thyroid-allbp,0,uniform,multiclass,6,0.025047688380135977,295,7.389068072140113
thyroid-allbp,0,prior,multiclass,4,0.025788644786559647,365,9.41285534709427
thyroid-allbp,1,uniform,multiclass,4,0.03841409744609064,348,13.368105911239542
thyroid-allbp,1,prior,multiclass,7,0.029811686381327248,312,9.301246150974102
thyroid-allbp,2,uniform,multiclass,8,0.022881136684755242,295,6.749935322002797
thyroid-allbp,2,prior,multiclass,7,0.04256923181306926,223,9.492938694314445
thyroid-allbp,3,uniform,multiclass,9,0.02807980126526551,146,4.099650984728764
thyroid-allbp,3,prior,multiclass,4,0.034982246092729784,248,8.675597030996986
thyroid-ann,0,uniform,multiclass,10,0.2931788460268454,389,114.04657110444286
thyroid-ann,0,prior,multiclass,10,0.17999598058595592,243,43.739023282387286
thyroid-ann,1,uniform,multiclass,10,0.27732484550313097,416,115.36713572930248
thyroid-ann,1,prior,multiclass,8,0.03216946456686396,268,8.62141650391954
thyroid-ann,2,uniform,multiclass,6,0.28495347089708667,91,25.930765851634888
thyroid-ann,2,prior,multiclass,8,0.09836232502195773,394,38.754756058651346
thyroid-ann,3,uniform,multiclass,10,0.14337903418824083,209,29.96621814534233
thyroid-ann,3,prior,multiclass,9,0.061083144693262106,478,29.197743163379286
thyroid-newthyroid,0,uniform,multiclass,2,0.0012354292177652643,110,0.13589721395417906
thyroid-newthyroid,0,prior,multiclass,2,0.0015384007586946376,267,0.41075300257146824
thyroid-newthyroid,1,uniform,multiclass,5,0.005206805899643377,412,2.1452040306530713
thyroid-newthyroid,1,prior,multiclass,4,0.05786280119192274,83,4.802612498929587
thyroid-newthyroid,2,uniform,multiclass,8,0.022881136684755242,295,6.749935322002797
thyroid-newthyroid,2,prior,multiclass,7,0.013487755457302531,328,4.42398378999523
thyroid-newthyroid,3,uniform,multiclass,9,0.004358094025514307,151,0.6580721978526604
thyroid-newthyroid,3,prior,multiclass,6,0.007144156713175759,320,2.286130148216243
thyroid-sick,0,uniform,multiclass,4,0.014427001743804563,398,5.741946694034216
thyroid-sick,0,prior,multiclass,4,0.04147902263819626,160,6.636643622111401
thyroid-sick,1,uniform,multiclass,9,0.01506294307870454,311,4.684575297477112
thyroid-sick,1,prior,multiclass,6,0.020251655125463657,399,8.08041039506
thyroid-sick,2,uniform,multiclass,6,0.027852118428351523,369,10.277431700061712
thyroid-sick,2,prior,multiclass,9,0.016705037574554753,492,8.21887848668094
thyroid-sick,3,uniform,multiclass,3,0.02908683011502429,381,11.082082273824254
thyroid-sick,3,prior,multiclass,6,0.05143296593945701,138,7.097749299645067
thyroid-sick-euthyroid,0,uniform,binary,5,0.0058714774443713695,251,1.4737408385372137
thyroid-sick-euthyroid,0,prior,binary,4,0.015429601707488168,287,4.428295690049104
thyroid-sick-euthyroid,1,uniform,binary,7,0.005901241664790062,314,1.8529898827440796
thyroid-sick-euthyroid,1,prior,binary,8,0.00708793796966998,316,2.2397883984157136
thyroid-sick-euthyroid,2,uniform,binary,10,0.10075199590406374,100,10.075199590406374
thyroid-sick-euthyroid,2,prior,binary,9,0.010761480577854044,141,1.5173687614774203
thyroid-sick-euthyroid,3,uniform,binary,10,0.13923629869927975,226,31.467403506037225
thyroid-sick-euthyroid,3,prior,binary,5,0.006367674926466852,263,1.6746985056607822
turkiye-student,0,uniform,multiclass,3,0.13234200544994001,380,50.289962070977204
turkiye-student,0,prior,multiclass,2,0.05744816581215188,497,28.551738408639487
turkiye-student,1,uniform,multiclass,2,0.06369958773555012,498,31.72239469230396
turkiye-student,1,prior,multiclass,2,0.05692983296851529,412,23.455091183028298
turkiye-student,2,uniform,multiclass,3,0.11566599537018053,385,44.531408217519505
turkiye-student,2,prior,multiclass,3,0.23765477318043016,310,73.67297968593334
turkiye-student,3,uniform,multiclass,3,0.06036743507168208,351,21.18896971016041
turkiye-student,3,prior,multiclass,5,0.14600076858958272,278,40.58821366790399
twonorm,0,uniform,binary,5,0.08795544531687702,255,22.42863855580364
twonorm,0,prior,binary,5,0.04023162244256219,316,12.713192691849653
twonorm,1,uniform,binary,6,0.030776918716168115,451,13.88039034099182
twonorm,1,prior,binary,5,0.022749351549227397,425,9.668474408421643
twonorm,2,uniform,binary,8,0.012224546319769582,443,5.415474019657925
twonorm,2,prior,binary,7,0.028135226319213485,434,12.210688222538652
twonorm,3,uniform,binary,4,0.07825371951280002,412,32.24053243927361
twonorm,3,prior,binary,4,0.08300477856200035,417,34.612992660354145
user-knowledge,0,uniform,multiclass,9,0.1121796196984599,298,33.42952667014105
user-knowledge,0,prior,multiclass,5,0.03117345065034098,472,14.713868706960943
user-knowledge,1,uniform,multiclass,4,0.03489387512857919,428,14.934578555031893
user-knowledge,1,prior,multiclass,6,0.15976418641853807,277,44.25467963793505
user-knowledge,2,uniform,multiclass,6,0.18759090236251344,383,71.84731560484265
user-knowledge,2,prior,multiclass,4,0.06364129897676257,432,27.493041157961432
user-knowledge,3,uniform,multiclass,2,0.22442089353883304,316,70.91700235827125
user-knowledge,3,prior,multiclass,3,0.04883505435799453,300,14.65051630739836
vertebra-column-2c,0,uniform,binary,4,0.1446325495211993,138,19.959291833925505
vertebra-column-2c,0,prior,binary,5,0.2438425584622684,288,70.2266568371333
vertebra-column-2c,1,uniform,binary,7,0.2627578213927962,67,17.604774033317344
vertebra-column-2c,1,prior,binary,3,0.05687545150122781,193,10.976962139736967
vertebra-column-2c,2,uniform,binary,10,0.005081504708578354,460,2.337492165946043
vertebra-column-2c,2,prior,binary,10,0.016213689127378934,337,5.464013235926701
vertebra-column-2c,3,uniform,binary,9,0.0023212518013077887,273,0.6337017417570263
vertebra-column-2c,3,prior,binary,8,0.016770001430534205,298,4.9974604262991935
vertebra-column-3c,0,uniform,multiclass,4,0.026153538852459534,218,5.701471469836179
vertebra-column-3c,0,prior,multiclass,5,0.04081747748090636,142,5.796081802288703
vertebra-column-3c,1,uniform,multiclass,9,0.0023358664945478226,448,1.0464681895574246
vertebra-column-3c,1,prior,multiclass,9,0.010340242115851548,251,2.595400771078739
vertebra-column-3c,2,uniform,multiclass,6,0.14948228479922387,418,62.48359504607558
vertebra-column-3c,2,prior,multiclass,3,0.05248019193547996,499,26.1876157758045
vertebra-column-3c,3,uniform,multiclass,8,0.059625112593452906,180,10.732520266821522
vertebra-column-3c,3,prior,multiclass,6,0.05060129914230385,113,5.717946803080335
volcanoes-a1,0,uniform,multiclass,9,0.11413665820529571,305,34.811680752615196
volcanoes-a1,0,prior,multiclass,10,0.18613879299724775,476,88.60206546668994
volcanoes-a1,1,uniform,multiclass,8,0.22472385467816455,407,91.46260885401297
volcanoes-a1,1,prior,multiclass,6,0.15048729238152278,258,38.82572143443288
volcanoes-a1,2,uniform,multiclass,7,0.23664720454127866,498,117.85030786155677
volcanoes-a1,2,prior,multiclass,6,0.294380189734062,443,130.41042405218946
volcanoes-a1,3,uniform,multiclass,10,0.080093947496608,500,40.046973748304005
volcanoes-a1,3,prior,multiclass,6,0.2459793385440087,458,112.65853705315598
volcanoes-a2,0,uniform,multiclass,5,0.012566756692016283,280,3.5186918737645594
volcanoes-a2,0,prior,multiclass,2,0.0057775244726765785,263,1.51948893631394
volcanoes-a2,1,uniform,multiclass,2,0.04592220975673496,181,8.311919965969027
volcanoes-a2,1,prior,multiclass,5,0.007772212421595569,77,0.5984603564628588
volcanoes-a2,2,uniform,multiclass,7,0.0019632702887198397,476,0.9345166574306437
volcanoes-a2,2,prior,multiclass,7,0.003070118917173861,250,0.7675297292934652
volcanoes-a2,3,uniform,multiclass,4,0.005569045747505235,247,1.375554299633793
volcanoes-a2,3,prior,multiclass,10,0.002184147382551119,192,0.41935629744981484
volcanoes-a4,0,uniform,multiclass,6,0.002493237781727609,380,0.9474303570564914
volcanoes-a4,0,prior,multiclass,4,0.0014117019010566035,347,0.4898605596666414
volcanoes-a4,1,uniform,multiclass,5,0.0022921249423934888,218,0.49968323744178056
volcanoes-a4,1,prior,multiclass,2,0.0016861231593066732,416,0.701427234271576
volcanoes-a4,2,uniform,multiclass,3,0.010948682175197637,302,3.3065020169096866
volcanoes-a4,2,prior,multiclass,2,0.0051178660683411465,204,1.044044677941594
volcanoes-a4,3,uniform,multiclass,3,0.013525735178485557,260,3.5166911464062447
volcanoes-a4,3,prior,multiclass,2,0.029277569213126978,188,5.504183012067871
volcanoes-b1,0,uniform,multiclass,8,0.014418657126952936,267,3.849781452896434
volcanoes-b1,0,prior,multiclass,4,0.001572833972400112,234,0.3680431495416262
volcanoes-b1,1,uniform,multiclass,4,0.013445047783018254,217,2.917575368914961
volcanoes-b1,1,prior,multiclass,3,0.02149056517295845,69,1.482848996934133
volcanoes-b1,2,uniform,multiclass,7,0.013487755457302531,328,4.42398378999523
volcanoes-b1,2,prior,multiclass,9,0.001528776009196648,279,0.4265285065658648
volcanoes-b1,3,uniform,multiclass,2,0.014828860154132949,231,3.4254666956047113
volcanoes-b1,3,prior,multiclass,2,0.031617708416864634,284,8.979429190389556
volcanoes-b2,0,uniform,multiclass,2,0.05372797014523111,166,8.918843044108364
volcanoes-b2,0,prior,multiclass,3,0.004038398496412983,470,1.8980472933141022
volcanoes-b2,1,uniform,multiclass,5,0.012495792580507339,234,2.9240154638387175
volcanoes-b2,1,prior,multiclass,2,0.028971007568749617,154,4.461535165587441
volcanoes-b2,2,uniform,multiclass,3,0.01185622832036781,387,4.588360359982342
volcanoes-b2,2,prior,multiclass,2,0.002024219982978333,367,0.7428887337530482
volcanoes-b2,3,uniform,multiclass,5,0.023256080996264597,394,9.162895912528251
volcanoes-b2,3,prior,multiclass,2,0.002158196245546487,401,0.8654366944641413
volcanoes-c1,0,uniform,multiclass,4,0.03110856189935663,84,2.613119199545957
volcanoes-c1,0,prior,multiclass,4,0.00262329201571165,265,0.6951723841635873
volcanoes-c1,1,uniform,multiclass,3,0.010526512983985221,114,1.2000224801743153
volcanoes-c1,1,prior,multiclass,2,0.024463339422590644,275,6.727418341212427
volcanoes-c1,2,uniform,multiclass,4,0.013581442051599309,405,5.50048403089772
volcanoes-c1,2,prior,multiclass,5,0.0030351385362348167,360,1.092649873044534
volcanoes-c1,3,uniform,multiclass,2,0.00627800266734141,201,1.2618785361356235
volcanoes-c1,3,prior,multiclass,5,0.0023019249731195675,78,0.17955014790332627
volcanoes-d1,0,uniform,multiclass,8,0.047122058921979286,184,8.670458841644189
volcanoes-d1,0,prior,multiclass,7,0.013487755457302531,328,4.42398378999523
volcanoes-d1,1,uniform,multiclass,2,0.10534098609624497,133,14.010351150800581
volcanoes-d1,1,prior,multiclass,4,0.009832728058970758,389,3.8249312149396246
volcanoes-d1,2,uniform,multiclass,10,0.007147432208579767,236,1.686794001224825
volcanoes-d1,2,prior,multiclass,3,0.004549885392694053,341,1.551510918908672
volcanoes-d1,3,uniform,multiclass,2,0.022925791466050886,339,7.771843306991251
volcanoes-d1,3,prior,multiclass,8,0.0031755419861786835,224,0.7113214049040251
volcanoes-d2,0,uniform,multiclass,9,0.01098410975702814,434,4.767103634550213
volcanoes-d2,0,prior,multiclass,6,0.004429334749247839,374,1.6565711962186918
volcanoes-d2,1,uniform,multiclass,3,0.05119105481977269,230,11.773942608547719
volcanoes-d2,1,prior,multiclass,4,0.006145318645550977,241,1.4810217935777854
volcanoes-d2,2,uniform,multiclass,2,0.0019170353137419993,418,0.8013207611441557
volcanoes-d2,2,prior,multiclass,2,0.11421342734101605,179,20.444203494041872
volcanoes-d2,3,uniform,multiclass,9,0.015571522900481038,369,5.745891950277503
volcanoes-d2,3,prior,multiclass,7,0.013487755457302531,328,4.42398378999523
walking-activity,0,uniform,multiclass,8,0.13250337834842288,347,45.978672286902736
walking-activity,0,prior,multiclass,9,0.03137221518445015,466,14.61945227595377
walking-activity,1,uniform,multiclass,10,0.053826499073562406,302,16.255602720215848
walking-activity,1,prior,multiclass,8,0.11260141082124865,500,56.300705410624325
walking-activity,2,uniform,multiclass,10,0.062371730432301764,438,27.31881792934817
walking-activity,2,prior,multiclass,7,0.12572771088289228,343,43.12460483283205
walking-activity,3,uniform,multiclass,10,0.06210426736673144,500,31.05213368336572
walking-activity,3,prior,multiclass,8,0.05645589491871239,425,23.993755340452765
waveform-v1,0,uniform,multiclass,9,0.014462432188546771,441,6.377932595149126
waveform-v1,0,prior,multiclass,8,0.03340174332288125,298,9.953719510218612
waveform-v1,1,uniform,multiclass,7,0.01798619576922049,418,7.518229831534165
waveform-v1,1,prior,multiclass,6,0.03165746382573588,424,13.422764662112012
waveform-v1,2,uniform,multiclass,8,0.02262448033572587,325,7.352956109110908
waveform-v1,2,prior,multiclass,8,0.026173594884313114,287,7.5118217317978635
waveform-v1,3,uniform,multiclass,8,0.018774684601632997,423,7.941691586490758
waveform-v1,3,prior,multiclass,6,0.026098993930088684,500,13.049496965044343
wdbc,0,uniform,binary,8,0.03935144733299603,263,10.349430648577956
wdbc,0,prior,binary,3,0.08718132425561981,381,33.21608454139115
wdbc,1,uniform,binary,5,0.2907508472584362,476,138.39740329501564
wdbc,1,prior,binary,6,0.13335240464514955,349,46.53998922115719
wdbc,2,uniform,binary,7,0.008342728504432144,316,2.6363022074005578
wdbc,2,prior,binary,8,0.06674156319985108,351,23.42628868314773
wdbc,3,uniform,binary,7,0.12271453873811944,174,21.352329740432783
wdbc,3,prior,binary,8,0.067212430054366,110,7.39336730598026
wholesale-channel,0,uniform,binary,5,0.007497254469632025,418,3.1338523683061865
wholesale-channel,0,prior,binary,6,0.007100529621417642,393,2.790508141217133
wholesale-channel,1,uniform,binary,5,0.007772212421595562,77,0.5984603564628582
wholesale-channel,1,prior,binary,9,0.0023433691827156834,376,0.8811068127010969
wholesale-channel,2,uniform,binary,2,0.004346591250851487,211,0.9171307539296637
wholesale-channel,2,prior,binary,2,0.004549885392694053,234,1.0646731818904083
wholesale-channel,3,uniform,binary,8,0.1754159899603746,412,72.27138786367433
wholesale-channel,3,prior,binary,5,0.0030687276498120946,93,0.2853916714325248
wholesale-region,0,uniform,multiclass,2,0.24540622306896384,219,53.74396285210308
wholesale-region,0,prior,multiclass,2,0.2939415682886499,182,53.49736542853429
wholesale-region,1,uniform,multiclass,2,0.2687944409372976,392,105.36742084742066
wholesale-region,1,prior,multiclass,2,0.06160795892078449,184,11.335864441424345
wholesale-region,2,uniform,multiclass,2,0.002145449248018451,233,0.4998896747882991
wholesale-region,2,prior,multiclass,2,0.004472160692805734,333,1.4892295107043094
wholesale-region,3,uniform,multiclass,7,0.09295970350692877,263,24.448402022322266
wholesale-region,3,prior,multiclass,5,0.06641232307000286,359,23.84202398213103
wilt,0,uniform,binary,8,0.17046383092283104,141,24.035400160119178
wilt,0,prior,binary,5,0.03335389775432306,366,12.207526578082241
wilt,1,uniform,binary,7,0.2920510398224668,168,49.06457469017442
wilt,1,prior,binary,4,0.03740579865610011,465,17.393696375086552
wilt,2,uniform,binary,2,0.09019717061712507,371,33.4631502989534
wilt,2,prior,binary,8,0.016056907254917374,420,6.743901047065297
wilt,3,uniform,binary,6,0.11440075560545149,183,20.935338275797623
wilt,3,prior,binary,8,0.015837419545739365,404,6.398317496478704
wine,0,uniform,multiclass,5,0.007772212421595562,77,0.5984603564628582
wine,0,prior,multiclass,5,0.007772212421595569,77,0.5984603564628588
wine,1,uniform,multiclass,9,0.003619699594267663,180,0.6515459269681794
wine,1,prior,multiclass,8,0.12678058208117945,308,39.04841928100327
wine,2,uniform,multiclass,8,0.08453391025787088,364,30.770343333865
wine,2,prior,multiclass,8,0.10592205494203202,195,20.654800713696243
wine,3,uniform,multiclass,8,0.02099156389364076,317,6.6543257542841205
wine,3,prior,multiclass,9,0.008429397599689102,352,2.9671479550905637
wine-quality-5class,0,uniform,multiclass,10,0.1935611279315191,347,67.16571139223713
wine-quality-5class,0,prior,multiclass,10,0.19436763516582373,261,50.729952778279994
wine-quality-5class,1,uniform,multiclass,10,0.08037827045680596,204,16.397167173188414
wine-quality-5class,1,prior,multiclass,10,0.1939511731878662,275,53.336572626663205
wine-quality-5class,2,uniform,multiclass,10,0.25228804737681293,289,72.91124569189894
wine-quality-5class,2,prior,multiclass,10,0.20016339299951924,226,45.23692681789135
wine-quality-5class,3,uniform,multiclass,10,0.20016339299951924,169,33.82761341691875
wine-quality-5class,3,prior,multiclass,10,0.08037827045680596,204,16.397167173188414
yeast-4class,0,uniform,multiclass,10,0.016056753821384523,315,5.057877453736125
yeast-4class,0,prior,multiclass,7,0.06402245286179958,229,14.661141705352104
yeast-4class,1,uniform,multiclass,10,0.016213689127378934,457,7.409655931212173
yeast-4class,1,prior,multiclass,7,0.01878673713128669,385,7.232893795545376
yeast-4class,2,uniform,multiclass,9,0.011397311035883104,299,3.407795999729048
yeast-4class,2,prior,multiclass,8,0.02262448033572587,325,7.352956109110908
yeast-4class,3,uniform,multiclass,8,0.03507059955350814,368,12.905980635690996
yeast-4class,3,prior,multiclass,8,0.016492375263739558,380,6.267102600221032
