model,dataset,n_classes,ece,confidence_gap,learning_rate,shrink
catboost,abalone-3class,3,0.01246,-0.00463,0.05519,25.30859
catboost,abalone-7class,7,0.02065,0.00758,0.03444,11.59627
catboost,appendicitis,2,0.24013,-0.23349,0.00425,0.68549
catboost,artificial-characters,10,0.04216,-0.04205,0.28867,127.7628
catboost,autoUniv-au1-1000,2,0.14396,-0.13212,0.00247,0.53512
catboost,autoUniv-au4-2500,3,0.04676,0.0102,0.04349,17.61875
catboost,autoUniv-au6-1000,8,0.04591,-0.04026,0.03926,10.88231
catboost,autoUniv-au6-250-drift-au6-cd1-500,8,0.04894,0.03267,0.04372,15.29312
catboost,autoUniv-au6-cd1-400,8,0.1665,0.11383,0.11689,40.47266
catboost,autoUniv-au7-300-drift-au7-cpd1-800,5,0.05744,0.03332,0.04136,17.49332
catboost,autoUniv-au7-700,3,0.06352,-0.04141,0.00961,3.51584
catboost,autoUniv-au7-cpd1-500,5,0.07614,-0.0382,0.02001,5.45607
catboost,balance-scale,3,0.06201,-0.03809,0.25639,101.2609
catboost,banana,2,0.01829,-0.01177,0.02815,9.4659
catboost,bank-marketing,2,0.02798,0.02525,0.04258,17.70682
catboost,bank-marketing-full,2,0.01566,0.00767,0.05443,19.30715
catboost,blogger,2,0.15573,0.04331,0.01421,4.18212
catboost,blood-transfusion-service,2,0.07523,-0.02855,0.00924,3.38531
catboost,breast-cancer-wisconsin,2,0.02417,0.01424,0.02285,7.97388
catboost,bupa,2,0.09928,0.01585,0.1175,34.49701
catboost,cardiotocography-3class,3,0.00705,0.00339,0.09346,15.81649
catboost,car-evaluation,4,0.01399,-0.00989,0.08986,28.65005
catboost,climate-simulation-craches,2,0.14534,-0.1063,0.00353,0.77915
catboost,colon32,2,0.23092,-0.10824,0.02934,5.14613
catboost,connectionist-mines-vs-rocks,2,0.06916,-0.02332,0.02225,6.59208
catboost,contraceptive-method-choice,3,0.04222,-0.00676,0.08316,17.42795
catboost,dermatology,6,0.05275,-0.03718,0.03715,8.54233
catboost,eeg-eye-state,2,0.00803,0.00256,0.11248,51.66303
catboost,flare,6,0.04346,-0.00164,0.05106,13.34983
catboost,glioma16,2,0.15572,-0.07156,0.08125,37.43932
catboost,habermans-survival,2,0.10816,-0.01592,0.00921,1.67991
catboost,hayes-roth,3,0.11838,0.01715,0.15169,59.93281
catboost,heart-disease-processed-hungarian,2,0.13719,-0.12172,0.01773,1.78647
catboost,hepatitis,2,0.1843,-0.08962,0.00199,0.65618
catboost,hill-valley-with-noise,2,0.17239,0.16644,0.17558,62.3664
catboost,hill-valley-without-noise,2,0.21732,0.21587,0.18402,64.9021
catboost,indian-liver-patient,2,0.09843,0.0112,0.01574,4.79224
catboost,ionosphere,2,0.04739,0.00873,0.09875,30.50089
catboost,iris,3,0.15549,-0.15208,0.01555,4.46746
catboost,led7digit,10,0.45083,-0.44738,0.00221,0.73957
catboost,leukemia-haslinger,2,0.26275,-0.10405,0.0115,3.34032
catboost,lsvt-voice-rehabilitation,2,0.13576,0.07525,0.10864,19.71254
catboost,magic,2,0.00869,-0.00259,0.0925,38.45637
catboost,mammographic-mass,2,0.16286,-0.15949,0.00527,0.52778
catboost,mfeat-fourier,10,0.04968,0.04099,0.15542,55.57394
catboost,molecular-promotor-gene,2,0.23775,-0.23775,0.00338,1.14959
catboost,molecular-splice-junction,3,0.01407,0.00694,0.18079,68.71527
catboost,monks1,2,0.01659,-0.01659,0.02288,6.74994
catboost,monks3,2,0.14793,-0.11779,0.03529,12.0554
catboost,mushroom,2,0.00035,-0.00035,0.02288,6.74994
catboost,mushroom-expanded,2,0.00028,-0.00028,0.02288,6.74994
catboost,nursery-4class,4,0.00458,-0.00458,0.24384,70.22666
catboost,optdigits,10,0.0071,0.00671,0.1868,81.85127
catboost,ozone-eighthr,2,0.03139,0.02753,0.05227,21.67119
catboost,ozone-onehr,2,0.01025,0.00815,0.01344,4.1165
catboost,page-blocks,5,0.00794,-0.00607,0.0308,10.39417
catboost,parkinsons,2,0.0622,0.03384,0.02555,9.95542
catboost,pendigits,10,0.00297,0.00236,0.20079,59.09378
catboost,phoneme,2,0.04997,0.04997,0.14124,52.3726
catboost,pima-indians-diabetes,2,0.03748,0.00628,0.09215,14.57838
catboost,planning-relax,2,0.25217,0.20217,0.222,52.17011
catboost,qsar-biodegradation,2,0.05687,0.04583,0.04485,18.47227
catboost,ringnorm,2,0.01129,-0.01047,0.12009,42.52821
catboost,robot-failure-lp1,4,0.27934,-0.26522,0.00774,2.72107
catboost,robot-failure-lp4,3,0.15152,-0.08076,0.04028,10.1555
catboost,robot-failure-lp5,5,0.12133,0.00148,0.12287,23.52941
catboost,robot-nav-sensor-readings-24,4,0.00194,0.00071,0.16194,41.43119
catboost,robot-nav-sensor-readings-2,4,0.0027,-0.00177,0.11389,17.11146
catboost,robot-nav-sensor-readings-4,4,0.00232,-0.00085,0.13933,51.97484
catboost,saheart,2,0.09743,-0.0972,0.00909,1.36144
catboost,seeds,3,0.2057,-0.15492,0.02228,6.6155
catboost,seismic-bumps,2,0.09702,-0.09665,0.0051,1.21516
catboost,semeion,10,0.02116,0.01175,0.11314,50.89068
catboost,skin-segmentation,2,0.00137,0.00078,0.0775,21.38325
catboost,spambase,2,0.01514,0.01449,0.11382,32.69194
catboost,spectf-heart,2,0.10544,-0.07808,0.00798,2.56746
catboost,statlog-australian-credit,2,0.08822,-0.08112,0.00456,1.25263
catboost,statlog-german-credit,2,0.05481,0.02762,0.04792,13.01601
catboost,statlog-heart,2,0.15803,-0.1557,0.00661,1.49571
catboost,statlog-image-segmentation,7,0.0126,0.00929,0.217,57.1737
catboost,statlog-landsat-satellite,6,0.04026,0.03444,0.0688,28.45436
catboost,statlog-vehicle-silhouettes,4,0.03352,-0.00681,0.13987,27.41416
catboost,systhetic-control,6,0.03575,-0.02969,0.0582,22.44171
catboost,teaching-assistant-evaluation,3,0.25717,0.11818,0.11445,40.78201
catboost,thoracic-surgery,2,0.12005,-0.07298,0.02306,2.20594
catboost,thyroid-allbp,5,0.04383,-0.03703,0.02656,7.0695
catboost,thyroid-ann,3,0.00202,0.0011,0.28114,72.00639
catboost,thyroid-newthyroid,3,0.27975,-0.27386,0.00478,1.40164
catboost,thyroid-sick,5,0.04154,-0.0288,0.02146,8.00969
catboost,thyroid-sick-euthyroid,2,0.00944,-0.00732,0.05333,5.96409
catboost,user-knowledge,5,0.04506,0.03363,0.14989,52.17326
catboost,vertebra-column-2c,2,0.04157,0.01689,0.07486,9.97113
catboost,vertebra-column-3c,3,0.09666,-0.01616,0.04289,8.217
catboost,volcanoes-a1,5,0.01641,0.01641,0.16943,65.75479
catboost,volcanoes-a2,5,0.14147,-0.11878,0.00907,2.44712
catboost,volcanoes-a4,5,0.20177,-0.18914,0.00672,2.12697
catboost,volcanoes-b1,5,0.03481,-0.02328,0.01395,3.63762
catboost,volcanoes-b2,5,0.0211,-0.01191,0.01788,6.7536
catboost,volcanoes-c1,5,0.12928,-0.12754,0.01205,1.9375
catboost,volcanoes-d1,5,0.03567,-0.03392,0.03502,8.22115
catboost,volcanoes-d2,5,0.08901,-0.08512,0.01328,5.2565
catboost,waveform-v1,3,0.04879,-0.04738,0.01838,7.43559
catboost,wdbc,2,0.02425,0.0046,0.08103,15.85088
catboost,wholesale-channel,2,0.12225,-0.07439,0.00763,2.02549
catboost,wholesale-region,3,0.17122,0.02191,0.16918,39.09618
catboost,wilt,2,0.00587,0.00303,0.14243,28.74928
catboost,wine-quality-5class,5,0.13486,0.13419,0.19686,50.49666
catboost,yeast-4class,4,0.04407,-0.02969,0.01614,6.23377
xgboost,abalone-3class,3,0.03063,-0.02492,0.00906,3.22102
xgboost,abalone-7class,7,0.07094,-0.06167,0.00663,1.14881
xgboost,appendicitis,2,0.09481,-0.02015,0.04255,10.67947
xgboost,artificial-characters,10,0.0182,-0.01709,0.1012,38.26965
xgboost,autoUniv-au1-1000,2,0.08078,-0.02017,0.00256,0.65891
xgboost,autoUniv-au4-2500,3,0.05957,-0.01025,0.01313,4.32315
xgboost,autoUniv-au6-1000,8,0.05016,0.00333,0.00319,0.83293
xgboost,autoUniv-au6-250-drift-au6-cd1-500,8,0.04908,0.00805,0.00279,0.95039
xgboost,autoUniv-au6-cd1-400,8,0.11005,0.04172,0.01218,3.84357
xgboost,autoUniv-au7-300-drift-au7-cpd1-800,5,0.08557,-0.08517,0.00335,1.03811
xgboost,autoUniv-au7-700,3,0.09692,-0.09573,0.00444,0.79143
xgboost,autoUniv-au7-cpd1-500,5,0.09681,-0.03136,0.005,0.7131
xgboost,balance-scale,3,0.05684,-0.04683,0.16978,71.29156
xgboost,banana,2,0.05925,-0.01543,0.05759,14.78897
xgboost,bank-marketing,2,0.02036,0.00965,0.02264,5.41429
xgboost,bank-marketing-full,2,0.02452,0.00608,0.01305,5.97712
xgboost,blogger,2,0.12134,0.03346,0.03731,17.39719
xgboost,blood-transfusion-service,2,0.06161,-0.01465,0.00586,1.60747
xgboost,breast-cancer-wisconsin,2,0.02729,0.00132,0.06073,14.93215
xgboost,bupa,2,0.0922,0.0798,0.10228,38.48032
xgboost,cardiotocography-3class,3,0.02805,-0.02751,0.01412,3.10413
xgboost,car-evaluation,4,0.01773,-0.01773,0.12346,56.51481
xgboost,climate-simulation-craches,2,0.04709,0.01483,0.00918,2.65179
xgboost,colon32,2,0.11657,-0.02986,0.08034,20.41551
xgboost,connectionist-mines-vs-rocks,2,0.05374,0.0075,0.15648,24.19714
xgboost,contraceptive-method-choice,3,0.04322,-0.02373,0.03665,9.85487
xgboost,dermatology,6,0.10716,-0.10712,0.048,10.24051
xgboost,eeg-eye-state,2,0.0095,0.00794,0.10144,40.09499
xgboost,flare,6,0.06017,-0.01515,0.02271,7.89183
xgboost,glioma16,2,0.25127,-0.09642,0.01093,2.42354
xgboost,habermans-survival,2,0.05992,0.02623,0.01869,5.23528
xgboost,hayes-roth,3,0.13483,-0.07295,0.07062,18.19042
xgboost,heart-disease-processed-hungarian,2,0.15433,-0.05532,0.00337,0.91198
xgboost,hepatitis,2,0.08767,0.00388,0.0497,13.029
xgboost,hill-valley-with-noise,2,0.16299,0.16041,0.16102,74.24065
xgboost,hill-valley-without-noise,2,0.15182,0.15073,0.1527,46.62726
xgboost,indian-liver-patient,2,0.07589,0.05093,0.07753,4.95838
xgboost,ionosphere,2,0.04294,0.00544,0.08946,31.87874
xgboost,iris,3,0.3537,-0.33867,0.01027,1.56086
xgboost,led7digit,10,0.08962,-0.07486,0.14356,33.7767
xgboost,leukemia-haslinger,2,0.09856,0.04325,0.04171,12.25752
xgboost,lsvt-voice-rehabilitation,2,0.09613,-0.02913,0.04576,9.14797
xgboost,magic,2,0.01142,0.00542,0.03015,11.98506
xgboost,mammographic-mass,2,0.03202,-0.01839,0.01167,3.82063
xgboost,mfeat-fourier,10,0.02959,-0.00724,0.0156,6.4633
xgboost,molecular-promotor-gene,2,0.1855,-0.12939,0.03622,8.27632
xgboost,molecular-splice-junction,3,0.02964,-0.02647,0.04339,12.25377
xgboost,monks1,2,0.0617,-0.0617,0.08464,37.412
xgboost,monks3,2,0.11164,-0.11148,0.02025,3.20554
xgboost,mushroom,2,0.01318,-0.01316,0.04678,20.51899
xgboost,mushroom-expanded,2,0.00896,-0.00881,0.02288,8.51178
xgboost,nursery-4class,4,0.00481,-0.00471,0.18563,53.93572
xgboost,optdigits,10,0.00543,-0.00293,0.13679,49.5474
xgboost,ozone-eighthr,2,0.0233,0.01476,0.02616,7.4455
xgboost,ozone-onehr,2,0.00925,0.00701,0.01726,4.78704
xgboost,page-blocks,5,0.00598,0.00179,0.02728,8.24557
xgboost,parkinsons,2,0.07644,0.03004,0.18062,65.60143
xgboost,pendigits,10,0.00212,-0.00162,0.16146,44.52167
xgboost,phoneme,2,0.0208,0.01885,0.02657,10.44932
xgboost,pima-indians-diabetes,2,0.06168,-0.04584,0.00446,1.74504
xgboost,planning-relax,2,0.19465,0.11234,0.08666,10.36425
xgboost,qsar-biodegradation,2,0.04131,0.03699,0.01851,6.47732
xgboost,ringnorm,2,0.00583,-0.00082,0.11238,41.02585
xgboost,robot-failure-lp1,4,0.19871,-0.18682,0.00464,1.23359
xgboost,robot-failure-lp4,3,0.09275,-0.05957,0.04317,10.07132
xgboost,robot-failure-lp5,5,0.12772,0.00162,0.06273,25.37373
xgboost,robot-nav-sensor-readings-24,4,0.00311,-0.00099,0.03655,12.86863
xgboost,robot-nav-sensor-readings-2,4,0.0037,-0.00183,0.07837,22.68382
xgboost,robot-nav-sensor-readings-4,4,0.00143,0.00106,0.21246,35.22641
xgboost,saheart,2,0.06759,-0.01026,0.00857,0.66933
xgboost,seeds,3,0.02711,-0.00615,0.16806,44.9483
xgboost,seismic-bumps,2,0.03404,0.00042,0.00236,0.56923
xgboost,semeion,10,0.03324,-0.02697,0.05527,18.7301
xgboost,skin-segmentation,2,0.00194,-0.00125,0.12296,24.54103
xgboost,spambase,2,0.00975,-0.00212,0.02624,8.24025
xgboost,spectf-heart,2,0.07825,-0.0184,0.01477,4.34024
xgboost,statlog-australian-credit,2,0.05984,-0.04331,0.03481,5.06517
xgboost,statlog-german-credit,2,0.05572,0.02519,0.04528,9.44128
xgboost,statlog-heart,2,0.06967,-0.03406,0.02135,7.36681
xgboost,statlog-image-segmentation,7,0.00641,0.0008,0.10498,35.38907
xgboost,statlog-landsat-satellite,6,0.03274,0.03068,0.04093,17.73302
xgboost,statlog-vehicle-silhouettes,4,0.06565,-0.01712,0.04153,18.39261
xgboost,systhetic-control,6,0.05404,-0.05404,0.02434,8.89378
xgboost,teaching-assistant-evaluation,3,0.19161,0.11636,0.08408,16.97063
xgboost,thoracic-surgery,2,0.06614,0.02612,0.02487,6.01663
xgboost,thyroid-allbp,5,0.02505,-0.01578,0.05358,8.79971
xgboost,thyroid-ann,3,0.01635,-0.01598,0.00678,2.56408
xgboost,thyroid-newthyroid,3,0.07563,-0.01674,0.02482,9.36461
xgboost,thyroid-sick,5,0.03877,-0.02365,0.03849,5.95325
xgboost,thyroid-sick-euthyroid,2,0.04872,-0.02242,0.0042,1.42127
xgboost,user-knowledge,5,0.04579,0.03224,0.16265,17.8852
xgboost,vertebra-column-2c,2,0.06013,0.01422,0.02641,6.41448
xgboost,vertebra-column-3c,3,0.06846,0.02094,0.02524,9.82236
xgboost,volcanoes-a1,5,0.00999,0.00599,0.15207,40.60622
xgboost,volcanoes-a2,5,0.058,0.00471,0.00265,1.05898
xgboost,volcanoes-a4,5,0.05613,0.00209,0.00371,1.54569
xgboost,volcanoes-b1,5,0.0088,-0.00095,0.01561,3.44891
xgboost,volcanoes-b2,5,0.01025,0.00031,0.02892,9.55312
xgboost,volcanoes-c1,5,0.00668,-0.00024,0.009,4.00642
xgboost,volcanoes-d1,5,0.00873,-7e-05,0.03674,7.90437
xgboost,volcanoes-d2,5,0.00828,0.00035,0.01891,4.03572
xgboost,waveform-v1,3,0.02465,-0.01156,0.01932,7.25901
xgboost,wdbc,2,0.01791,0.00928,0.05992,15.04839
xgboost,wholesale-channel,2,0.15587,-0.06866,0.00329,0.40158
xgboost,wholesale-region,3,0.1034,0.09485,0.07817,28.90866
xgboost,wilt,2,0.00454,0.00179,0.03381,10.75848
xgboost,wine-quality-5class,5,0.07706,0.076,0.03959,16.65323
xgboost,yeast-4class,4,0.07437,-0.06993,0.008,2.64214
lgbm,abalone-3class,3,0.02217,-0.00699,0.01156,2.83076
lgbm,abalone-7class,7,0.07045,-0.05965,0.00168,0.54882
lgbm,appendicitis,2,0.07779,-0.00042,0.04177,9.44791
lgbm,artificial-characters,10,0.04539,0.04533,0.0639,14.32363
lgbm,autoUniv-au1-1000,2,0.07828,-0.00187,0.00324,0.52494
lgbm,autoUniv-au4-2500,3,0.07145,0.05605,0.01259,5.55007
lgbm,autoUniv-au6-1000,8,0.04765,-0.01078,0.01044,1.40926
lgbm,autoUniv-au6-250-drift-au6-cd1-500,8,0.09076,0.02957,0.00426,1.3161
lgbm,autoUniv-au6-cd1-400,8,0.09108,0.07067,0.03085,7.94563
lgbm,autoUniv-au7-300-drift-au7-cpd1-800,5,0.0502,-0.00377,0.0045,1.0341
lgbm,autoUniv-au7-700,3,0.05185,0.01254,0.00431,1.13342
lgbm,autoUniv-au7-cpd1-500,5,0.10925,-0.05452,0.0046,0.6081
lgbm,balance-scale,3,0.04213,-0.01155,0.20036,71.18283
lgbm,banana,2,0.01642,0.005,0.03765,13.21474
lgbm,bank-marketing,2,0.01805,0.00851,0.01643,4.29612
lgbm,bank-marketing-full,2,0.02876,0.00697,0.0133,4.65649
lgbm,blogger,2,0.21192,0.0683,0.07775,18.4018
lgbm,blood-transfusion-service,2,0.0828,-0.01739,0.0028,1.10575
lgbm,breast-cancer-wisconsin,2,0.02847,0.01679,0.03615,12.42628
lgbm,bupa,2,0.07916,0.04261,0.13839,27.54883
lgbm,cardiotocography-3class,3,0.01449,-0.01198,0.01526,4.6778
lgbm,car-evaluation,4,0.00224,-0.00137,0.09068,28.05149
lgbm,climate-simulation-craches,2,0.05571,-0.00113,0.01127,3.41037
lgbm,colon32,2,0.2377,0.14953,0.01705,4.06745
lgbm,connectionist-mines-vs-rocks,2,0.07012,0.02871,0.06322,12.70148
lgbm,contraceptive-method-choice,3,0.04622,-0.01676,0.0157,5.61623
lgbm,dermatology,6,0.02209,-0.00167,0.10134,20.71934
lgbm,eeg-eye-state,2,0.02855,0.02855,0.09144,35.78751
lgbm,flare,6,0.0407,0.00763,0.02881,8.37737
lgbm,glioma16,2,0.15064,-0.05573,0.01091,4.91933
lgbm,habermans-survival,2,0.14224,-0.03634,0.00809,0.70006
lgbm,hayes-roth,3,0.08143,0.0416,0.11711,47.35277
lgbm,heart-disease-processed-hungarian,2,0.0586,-0.00786,0.0448,7.80323
lgbm,hepatitis,2,0.09491,-0.03962,0.00309,1.06397
lgbm,hill-valley-with-noise,2,0.23057,0.22232,0.20579,58.25606
lgbm,hill-valley-without-noise,2,0.22882,0.22882,0.21888,89.14419
lgbm,indian-liver-patient,2,0.08424,0.06224,0.07098,9.26572
lgbm,ionosphere,2,0.0462,0.02365,0.09991,17.00801
lgbm,iris,3,0.11859,-0.09208,0.02061,3.9861
lgbm,led7digit,10,0.08799,-0.06808,0.04369,4.64434
lgbm,leukemia-haslinger,2,0.14162,0.08926,0.0853,15.69001
lgbm,lsvt-voice-rehabilitation,2,0.10207,0.08161,0.03898,14.89078
lgbm,magic,2,0.01506,0.01241,0.02528,10.18193
lgbm,mammographic-mass,2,0.12263,-0.1104,0.00613,1.44742
lgbm,mfeat-fourier,10,0.04863,0.00206,0.01575,4.9008
lgbm,molecular-promotor-gene,2,0.09224,-0.00835,0.03508,6.73699
lgbm,molecular-splice-junction,3,0.01375,0.0059,0.03447,11.62901
lgbm,monks1,2,0.06344,-0.06344,0.05306,16.34298
lgbm,monks3,2,0.11267,-0.08987,0.00889,3.11996
lgbm,mushroom,2,0.00181,-0.00181,0.02288,8.51178
lgbm,mushroom-expanded,2,0.01841,-0.01803,0.02288,8.51178
lgbm,nursery-4class,4,0.00165,-0.0016,0.24772,115.50092
lgbm,optdigits,10,0.00736,0.00676,0.08873,22.60958
lgbm,ozone-eighthr,2,0.03471,0.03064,0.02911,12.57189
lgbm,ozone-onehr,2,0.02373,-0.02034,0.0199,2.94088
lgbm,page-blocks,5,0.00452,0.00211,0.01791,3.73845
lgbm,parkinsons,2,0.06571,0.05374,0.20943,80.42897
lgbm,pendigits,10,0.00347,0.00273,0.07463,34.37932
lgbm,phoneme,2,0.04518,0.04316,0.04384,10.74139
lgbm,pima-indians-diabetes,2,0.06436,-0.03335,0.00769,1.96118
lgbm,planning-relax,2,0.20426,0.02156,0.01344,4.81662
lgbm,qsar-biodegradation,2,0.04592,0.03662,0.01721,5.67138
lgbm,ringnorm,2,0.00732,0.00053,0.06404,18.72146
lgbm,robot-failure-lp1,4,0.13646,0.0584,0.01091,5.2452
lgbm,robot-failure-lp4,3,0.08465,0.0255,0.03883,9.9134
lgbm,robot-failure-lp5,5,0.17737,0.1372,0.04249,12.5032
lgbm,robot-nav-sensor-readings-24,4,0.00258,0.00174,0.04589,13.90843
lgbm,robot-nav-sensor-readings-2,4,0.00237,0.0002,0.1588,64.01589
lgbm,robot-nav-sensor-readings-4,4,0.00217,0.00133,0.05908,25.19603
lgbm,saheart,2,0.08504,-0.07436,0.00736,1.87002
lgbm,seeds,3,0.06817,0.04575,0.11847,49.49722
lgbm,seismic-bumps,2,0.09352,-0.08433,0.00451,1.30365
lgbm,semeion,10,0.02949,0.02635,0.07891,31.21971
lgbm,skin-segmentation,2,0.00192,0.0017,0.17669,81.63024
lgbm,spambase,2,0.01924,0.01627,0.05925,10.46293
lgbm,spectf-heart,2,0.07771,0.05955,0.03175,12.26703
lgbm,statlog-australian-credit,2,0.04552,-0.03692,0.01198,3.71019
lgbm,statlog-german-credit,2,0.0683,0.01822,0.03633,6.46843
lgbm,statlog-heart,2,0.11229,-0.05463,0.03492,8.67119
lgbm,statlog-image-segmentation,7,0.01187,0.00934,0.06463,19.49969
lgbm,statlog-landsat-satellite,6,0.0487,0.04552,0.03849,11.10601
lgbm,statlog-vehicle-silhouettes,4,0.13554,0.13474,0.08133,31.81493
lgbm,systhetic-control,6,0.01084,0.0064,0.12723,48.30526
lgbm,teaching-assistant-evaluation,3,0.19379,0.08579,0.01667,3.2302
lgbm,thoracic-surgery,2,0.0729,0.05793,0.00866,3.24361
lgbm,thyroid-allbp,5,0.03922,-0.039,0.00669,1.90799
lgbm,thyroid-ann,3,0.00249,0.00024,0.05389,13.32888
lgbm,thyroid-newthyroid,3,0.14501,-0.08182,0.12618,24.117
lgbm,thyroid-sick,5,0.05569,-0.04993,0.00511,1.48366
lgbm,thyroid-sick-euthyroid,2,0.00925,0.00494,0.0198,7.00386
lgbm,user-knowledge,5,0.06114,0.0588,0.12002,22.33372
lgbm,vertebra-column-2c,2,0.1088,-0.03862,0.01293,3.54607
lgbm,vertebra-column-3c,3,0.09665,0.06973,0.01346,5.66597
lgbm,volcanoes-a1,5,0.01674,0.01568,0.03867,9.46187
lgbm,volcanoes-a2,5,0.04888,0.00504,0.00685,2.06012
lgbm,volcanoes-a4,5,0.04461,0.00353,0.00419,1.31775
lgbm,volcanoes-b1,5,0.00749,0.00029,0.00834,2.44936
lgbm,volcanoes-b2,5,0.01202,-0.00028,0.00592,1.39531
lgbm,volcanoes-c1,5,0.01228,0.00073,0.0044,0.98268
lgbm,volcanoes-d1,5,0.02674,0.00102,0.00159,0.28944
lgbm,volcanoes-d2,5,0.02713,-0.00029,0.00213,0.24229
lgbm,waveform-v1,3,0.02259,-0.01059,0.03918,10.55202
lgbm,wdbc,2,0.02993,0.02217,0.22478,60.31822
lgbm,wholesale-channel,2,0.1527,-0.09877,0.00741,1.25388
lgbm,wholesale-region,3,0.11077,0.08918,0.01485,4.49998
lgbm,wilt,2,0.00542,0.00424,0.02846,10.32378
lgbm,wine-quality-5class,5,0.20573,0.20573,0.05192,14.65776
lgbm,yeast-4class,4,0.16607,-0.15969,0.00291,0.72481
random_forest,abalone-3class,3,0.01807,-0.01161,,
random_forest,abalone-7class,7,0.02864,0.02784,,
random_forest,appendicitis,2,0.10625,0.02076,,
random_forest,artificial-characters,10,0.11459,-0.11459,,
random_forest,autoUniv-au1-1000,2,0.07011,-0.03314,,
random_forest,autoUniv-au4-2500,3,0.03937,-0.02101,,
random_forest,autoUniv-au6-1000,8,0.05459,0.01875,,
random_forest,autoUniv-au6-250-drift-au6-cd1-500,8,0.04498,-0.03461,,
random_forest,autoUniv-au6-cd1-400,8,0.10411,-0.06772,,
random_forest,autoUniv-au7-300-drift-au7-cpd1-800,5,0.05177,-0.00974,,
random_forest,autoUniv-au7-700,3,0.06826,0.06373,,
random_forest,autoUniv-au7-cpd1-500,5,0.06876,0.00224,,
random_forest,balance-scale,3,0.13266,-0.13101,,
random_forest,banana,2,0.01569,-0.00179,,
random_forest,bank-marketing,2,0.0174,-0.00364,,
random_forest,bank-marketing-full,2,0.02239,-0.01568,,
random_forest,blogger,2,0.18154,-0.0158,,
random_forest,blood-transfusion-service,2,0.07097,-0.00905,,
random_forest,breast-cancer-wisconsin,2,0.02712,-0.0183,,
random_forest,bupa,2,0.09281,-0.07819,,
random_forest,cardiotocography-3class,3,0.03753,-0.03753,,
random_forest,car-evaluation,4,0.04665,-0.04552,,
random_forest,climate-simulation-craches,2,0.07501,-0.0628,,
random_forest,colon32,2,0.15255,-0.07309,,
random_forest,connectionist-mines-vs-rocks,2,0.14341,-0.14341,,
random_forest,contraceptive-method-choice,3,0.03841,-0.00415,,
random_forest,dermatology,6,0.12715,-0.12264,,
random_forest,eeg-eye-state,2,0.12599,-0.12599,,
random_forest,flare,6,0.06625,-0.01695,,
random_forest,glioma16,2,0.11935,-0.0461,,
random_forest,habermans-survival,2,0.10275,-0.04133,,
random_forest,hayes-roth,3,0.12154,-0.03333,,
random_forest,heart-disease-processed-hungarian,2,0.07674,-0.01766,,
random_forest,hepatitis,2,0.08543,-0.03833,,
random_forest,hill-valley-with-noise,2,0.07135,0.06871,,
random_forest,hill-valley-without-noise,2,0.10006,0.08492,,
random_forest,indian-liver-patient,2,0.09181,0.02871,,
random_forest,ionosphere,2,0.06645,-0.04991,,
random_forest,iris,3,0.04335,-0.00395,,
random_forest,led7digit,10,0.1618,-0.16019,,
random_forest,leukemia-haslinger,2,0.12613,-0.09942,,
random_forest,lsvt-voice-rehabilitation,2,0.14271,-0.06612,,
random_forest,magic,2,0.03347,-0.03278,,
random_forest,mammographic-mass,2,0.04511,-0.02893,,
random_forest,mfeat-fourier,10,0.18167,-0.18165,,
random_forest,molecular-promotor-gene,2,0.21399,-0.21399,,
random_forest,molecular-splice-junction,3,0.2071,-0.2071,,
random_forest,monks1,2,0.09364,-0.09364,,
random_forest,monks3,2,0.05164,-0.04202,,
random_forest,mushroom,2,0.00491,-0.00491,,
random_forest,mushroom-expanded,2,0.0049,-0.00476,,
random_forest,nursery-4class,4,0.03513,-0.03513,,
random_forest,optdigits,10,0.16409,-0.16409,,
random_forest,ozone-eighthr,2,0.0351,-0.03015,,
random_forest,ozone-onehr,2,0.05111,-0.05005,,
random_forest,page-blocks,5,0.00959,-0.00752,,
random_forest,parkinsons,2,0.058,-0.04731,,
random_forest,pendigits,10,0.06099,-0.06099,,
random_forest,phoneme,2,0.03891,-0.03891,,
random_forest,pima-indians-diabetes,2,0.0498,0.00565,,
random_forest,planning-relax,2,0.11141,0.02812,,
random_forest,qsar-biodegradation,2,0.04655,-0.01336,,
random_forest,ringnorm,2,0.07858,-0.0773,,
random_forest,robot-failure-lp1,4,0.17816,-0.13736,,
random_forest,robot-failure-lp4,3,0.1727,-0.1568,,
random_forest,robot-failure-lp5,5,0.14923,-0.13552,,
random_forest,robot-nav-sensor-readings-24,4,0.0033,-0.00158,,
random_forest,robot-nav-sensor-readings-2,4,0.00422,-0.00401,,
random_forest,robot-nav-sensor-readings-4,4,0.00497,-0.00478,,
random_forest,saheart,2,0.07609,0.0055,,
random_forest,seeds,3,0.05981,0.00105,,
random_forest,seismic-bumps,2,0.03149,-0.02677,,
random_forest,semeion,10,0.32729,-0.32729,,
random_forest,skin-segmentation,2,0.0076,-0.00759,,
random_forest,spambase,2,0.05263,-0.05129,,
random_forest,spectf-heart,2,0.10586,-0.09579,,
random_forest,statlog-australian-credit,2,0.07249,-0.05722,,
random_forest,statlog-german-credit,2,0.04605,-0.04252,,
random_forest,statlog-heart,2,0.10164,-0.07112,,
random_forest,statlog-image-segmentation,7,0.03974,-0.03838,,
random_forest,statlog-landsat-satellite,6,0.05642,-0.05594,,
random_forest,statlog-vehicle-silhouettes,4,0.0728,-0.0515,,
random_forest,systhetic-control,6,0.14268,-0.14268,,
random_forest,teaching-assistant-evaluation,3,0.16709,0.0085,,
random_forest,thoracic-surgery,2,0.05006,0.00458,,
random_forest,thyroid-allbp,5,0.04462,-0.03928,,
random_forest,thyroid-ann,3,0.01389,-0.01389,,
random_forest,thyroid-newthyroid,3,0.06085,-0.03592,,
random_forest,thyroid-sick,5,0.04357,-0.03534,,
random_forest,thyroid-sick-euthyroid,2,0.01696,-0.01512,,
random_forest,user-knowledge,5,0.09141,-0.06805,,
random_forest,vertebra-column-2c,2,0.08497,0.02956,,
random_forest,vertebra-column-3c,3,0.07932,-0.03845,,
random_forest,volcanoes-a1,5,0.03941,-0.03718,,
random_forest,volcanoes-a2,5,0.0224,-0.0042,,
random_forest,volcanoes-a4,5,0.02245,0.00123,,
random_forest,volcanoes-b1,5,0.01673,-0.01544,,
random_forest,volcanoes-b2,5,0.00394,2e-05,,
random_forest,volcanoes-c1,5,0.00473,0.00028,,
random_forest,volcanoes-d1,5,0.08483,-0.057,,
random_forest,volcanoes-d2,5,0.11734,-0.11038,,
random_forest,waveform-v1,3,0.09301,-0.09301,,
random_forest,wdbc,2,0.04233,-0.02762,,
random_forest,wholesale-channel,2,0.04534,-0.03029,,
random_forest,wholesale-region,3,0.07384,-0.00764,,
random_forest,wilt,2,0.0042,-0.00293,,
random_forest,wine-quality-5class,5,0.05443,-0.0543,,
random_forest,yeast-4class,4,0.06107,-0.05664,,
