dataset,n_rows,n_rows_original,n_features,n_categorical,n_classes,minority_share,uci_duplicate
abalone-11class,3842,3842,8,1,11,0.0268,False
abalone-3class,4177,4177,8,1,3,0.3167,False
abalone-7class,3295,3295,8,1,7,0.0786,False
appendicitis,106,106,7,0,2,0.1981,False
arcene,200,200,10000,0,2,0.44,False
artificial-characters,10000,10218,7,0,10,0.0589,False
autoUniv-au1-1000,1000,1000,20,0,2,0.259,False
autoUniv-au4-2500,2500,2500,100,42,3,0.0784,False
autoUniv-au6-1000,1000,1000,40,3,8,0.089,False
autoUniv-au6-250-drift-au6-cd1-500,750,750,40,3,8,0.076,False
autoUniv-au6-cd1-400,400,400,40,3,8,0.0625,False
autoUniv-au7-300-drift-au7-cpd1-800,1100,1100,12,4,5,0.1391,False
autoUniv-au7-700,700,700,12,4,3,0.3057,False
autoUniv-au7-cpd1-500,500,500,12,4,5,0.086,False
balance-scale,625,625,4,0,3,0.0784,False
banana,5300,5300,2,0,2,0.4483,False
bank-marketing,4521,4521,16,9,2,0.1152,False
bank-marketing-full,10000,45211,16,9,2,0.114,False
banknote-authentication,1372,1372,4,0,2,0.4446,False
blogger,100,100,5,5,2,0.32,False
blood-transfusion-service,748,748,4,0,2,0.238,False
breast-cancer-wisconsin,699,699,9,0,2,0.3448,False
bupa,345,345,6,0,2,0.4203,False
cardiotocography-3class,2126,2126,35,0,3,0.0828,False
car-evaluation,1728,1728,6,6,4,0.0376,False
climate-simulation-craches,540,540,20,0,2,0.0852,False
cnae-9,1080,1080,856,0,9,0.1111,False
colon32,62,62,32,0,2,0.3548,False
connectionist-mines-vs-rocks,208,208,60,0,2,0.4663,False
connectionist-vowel,990,990,13,0,11,0.0909,False
connectionist-vowel-reduced,528,528,10,0,11,0.0909,False
contraceptive-method-choice,1473,1473,9,0,3,0.2261,False
dermatology,366,366,34,0,6,0.0546,False
eeg-eye-state,10000,14980,14,0,2,0.4484,False
flare,1389,1389,12,2,6,0.0367,False
glioma16,50,50,16,0,2,0.44,False
habermans-survival,306,306,3,0,2,0.2647,False
hayes-roth,160,160,4,0,3,0.1938,False
heart-disease-processed-hungarian,294,294,13,0,2,0.3605,False
hepatitis,155,155,19,0,2,0.2065,False
hill-valley-with-noise,1212,1212,100,0,2,0.5,False
hill-valley-without-noise,1212,1212,100,0,2,0.495,False
indian-liver-patient,583,583,10,1,2,0.2864,False
ionosphere,351,351,33,0,2,0.359,False
iris,150,150,4,0,3,0.3333,False
kr-vs-k,10000,28056,6,0,18,0.0011,False
led7digit,500,500,7,0,10,0.074,False
letter,10000,20000,16,0,26,0.0338,False
leukemia-haslinger,100,100,50,0,2,0.49,False
localization-for-person-activity,10000,164860,7,0,11,0.0098,False
lsvt-voice-rehabilitation,126,126,310,0,2,0.3333,False
madelon,2600,2600,500,0,2,0.5,False
magic,10000,19020,10,0,2,0.355,False
mammographic-mass,961,961,5,0,2,0.4631,False
meta-data,528,528,21,0,24,0.0417,False
mfeat-fourier,2000,2000,76,0,10,0.1,False
micro-mass-mixed-spectra,360,360,1300,0,10,0.1,False
molecular-promotor-gene,106,106,57,0,2,0.5,False
molecular-splice-junction,3190,3190,60,0,3,0.2404,False
monks1,556,556,6,0,2,0.5,False
monks3,554,554,6,0,2,0.4801,False
movement-libras-10,270,270,90,0,15,0.0667,False
movement-libras,360,360,90,0,15,0.0667,False
multiple-features,2000,2000,649,0,10,0.1,False
mushroom,8124,8124,21,0,2,0.482,False
mushroom-expanded,8416,8416,21,0,2,0.4667,False
nursery-4class,10000,12958,8,0,4,0.0251,False
optdigits,5620,5620,62,0,10,0.0986,False
ozone-eighthr,2534,2534,72,0,2,0.0631,False
ozone-onehr,2536,2536,72,0,2,0.0288,False
page-blocks,5473,5473,10,0,5,0.0051,False
parkinsons,195,195,22,0,2,0.2462,False
pendigits,10000,10992,16,0,10,0.0955,False
phoneme,5404,5404,5,0,2,0.2935,False
pima-indians-diabetes,768,768,8,0,2,0.349,False
planning-relax,182,182,12,0,2,0.2857,False
plant-species-leaves-margin,1600,1600,64,0,100,0.01,False
plant-species-leaves-shape,1600,1600,64,0,100,0.01,False
qsar-biodegradation,1055,1055,41,0,2,0.3374,False
ringnorm,7400,7400,20,0,2,0.4951,False
robot-failure-lp1,88,88,90,0,4,0.1818,False
robot-failure-lp4,117,117,90,0,3,0.1795,False
robot-failure-lp5,164,164,90,0,5,0.128,False
robot-nav-sensor-readings-24,5456,5456,24,0,4,0.0601,False
robot-nav-sensor-readings-2,5456,5456,2,0,4,0.0601,False
robot-nav-sensor-readings-4,5456,5456,4,0,4,0.0601,False
saheart,462,462,9,0,2,0.3463,False
seeds,210,210,7,0,3,0.3333,False
seismic-bumps,2584,2584,18,0,2,0.0658,False
semeion,1593,1593,256,0,10,0.0973,False
skin-segmentation,10000,245057,3,0,2,0.211,False
spambase,4601,4601,57,0,2,0.394,False
spectf-heart,349,349,44,0,2,0.2722,False
statlog-australian-credit,690,690,14,0,2,0.4449,False
statlog-german-credit,1000,1000,20,0,2,0.3,False
statlog-german-credit-numeric,1000,1000,24,0,2,0.3,True
statlog-heart,270,270,13,0,2,0.4444,False
statlog-image-segmentation,2310,2310,18,0,7,0.1429,False
statlog-landsat-satellite,2859,2859,36,0,6,0.0962,False
statlog-vehicle-silhouettes,846,846,18,0,4,0.2352,False
systhetic-control,600,600,60,0,6,0.1667,False
tamilnadu-electricity,10000,45781,3,0,20,0.028,False
teaching-assistant-evaluation,151,151,5,0,3,0.3245,False
texture,5500,5500,40,0,11,0.0909,False
thoracic-surgery,470,470,16,0,2,0.1489,False
thyroid-allbp,2800,2800,26,0,5,0.0111,False
thyroid-allhyper,2800,2800,26,0,5,0.0111,True
thyroid-allhypo,2800,2800,26,0,5,0.0111,True
thyroid-allrep,2800,2800,26,0,5,0.0111,True
thyroid-ann,3772,3772,21,0,3,0.0247,False
thyroid-dis,2800,2800,26,0,5,0.0111,True
thyroid-hypothyroid,3163,3163,25,0,2,0.0477,True
thyroid-newthyroid,215,215,5,0,3,0.1395,False
thyroid-sick,2800,2800,26,0,5,0.0111,False
thyroid-sick-euthyroid,3163,3163,25,0,2,0.0926,False
turkiye-student,5820,5820,32,0,13,0.007,False
twonorm,7400,7400,20,0,2,0.4996,False
user-knowledge,403,403,5,0,5,0.0596,False
vertebra-column-2c,310,310,6,0,2,0.3226,False
vertebra-column-3c,310,310,6,0,3,0.1935,False
volcanoes-a1,3252,3252,3,0,5,0.0178,False
volcanoes-a2,1623,1623,3,0,5,0.0179,False
volcanoes-a3,1521,1521,3,0,5,0.0191,True
volcanoes-a4,1515,1515,3,0,5,0.0191,False
volcanoes-b1,10000,10176,3,0,5,0.0026,False
volcanoes-b2,10000,10668,3,0,5,0.0025,False
volcanoes-b3,10000,10386,3,0,5,0.0024,True
volcanoes-b4,10000,10190,3,0,5,0.0026,True
volcanoes-b5,9989,9989,3,0,5,0.0026,True
volcanoes-b6,10000,10130,3,0,5,0.0026,True
volcanoes-c1,10000,28626,3,0,5,0.0031,False
volcanoes-d1,8753,8753,3,0,5,0.0064,False
volcanoes-d2,9172,9172,3,0,5,0.0061,False
volcanoes-d3,9285,9285,3,0,5,0.0062,True
volcanoes-d4,8654,8654,3,0,5,0.0065,True
walking-activity,10000,149332,4,0,22,0.0057,False
waveform-v1,5000,5000,21,0,3,0.3294,False
waveform-v2,5000,5000,40,0,3,0.3306,True
wdbc,569,569,30,0,2,0.3726,False
wholesale-channel,440,440,7,0,2,0.3227,False
wholesale-region,440,440,7,0,3,0.1068,False
wilt,4839,4839,5,0,2,0.0539,False
wine,178,178,13,0,3,0.2697,False
wine-quality-5class,6462,6462,11,0,5,0.0299,False
wine-quality-white-5class,4873,4873,11,0,5,0.0334,True
yeast-4class,1299,1299,8,0,4,0.1255,False
