model,device,dataset,n_train,n_test,n_features,n_classes,fold,fit_s,predict_s,predict_1row_s,max_abs_diff
catboost,cpu,robot-failure-lp1,66,22,90,4,0,1.020065832999535,0.001993834041059,0.0007961670635268,0.0
catboost,cpu,robot-failure-lp1,66,22,90,4,1,0.056159833096899,0.0010549579747021,0.0007783330511301,0.0
catboost,cpu,robot-failure-lp1,66,22,90,4,2,1.068550999974832,0.0011267500231042,0.0007650830084457,0.0
catboost,cpu,robot-failure-lp1,66,22,90,4,3,0.0651715829735621,0.0009580000769346,0.0007995000341907,0.0
xgboost,cpu,robot-failure-lp1,66,22,90,4,0,0.1840911249164492,0.0023418749915435,0.0014417089987546,0.0
xgboost,cpu,robot-failure-lp1,66,22,90,4,1,1.642849541036412,0.0019056670134887,0.0015502090100198,0.0
xgboost,cpu,robot-failure-lp1,66,22,90,4,2,1.400979624944739,0.0018880000570788,0.0015799169195815,0.0
xgboost,cpu,robot-failure-lp1,66,22,90,4,3,0.3756105420179665,0.0016705420566722,0.0013871249975636,0.0
lgbm,cpu,robot-failure-lp1,66,22,90,4,0,1.025398041936569,0.0009257500059902,0.0003972919657826,0.0
lgbm,cpu,robot-failure-lp1,66,22,90,4,1,1.8217381669674069,0.0007084170356392,0.0004233750514686,0.0
lgbm,cpu,robot-failure-lp1,66,22,90,4,2,1.190388457966037,0.0006319159874692,0.0003985000075772,0.0
lgbm,cpu,robot-failure-lp1,66,22,90,4,3,1.7208471250487491,0.0006968750385567,0.0004295000107958,0.0
random_forest,cpu,robot-failure-lp1,66,22,90,4,0,0.1197853329358622,0.0144824580056592,0.0140947919571772,0.0
random_forest,cpu,robot-failure-lp1,66,22,90,4,1,0.1660053330706432,0.0132257919758558,0.0141570839332416,1.1102230246251563e-16
random_forest,cpu,robot-failure-lp1,66,22,90,4,2,0.155046375002712,0.0142137500224635,0.0142097910866141,1.1102230246251563e-16
random_forest,cpu,robot-failure-lp1,66,22,90,4,3,0.1416579580400139,0.0126912910491228,0.0118967079324647,0.0
tabpfn35,cpu,robot-failure-lp1,66,22,90,4,0,2.1810365410055965,0.6146052499534562,0.4826957919867709,0.0
tabpfn35,cpu,robot-failure-lp1,66,22,90,4,1,0.4517497919732705,1.063429499976337,1.0652894999366254,0.0
tabpfn35,cpu,robot-failure-lp1,66,22,90,4,2,0.5093631249619648,0.529966083006002,0.5402169999433681,0.0
tabpfn35,cpu,robot-failure-lp1,66,22,90,4,3,0.5315479999408126,0.5363981670234352,0.5156308750156313,0.0
tabpfn35fast,cpu,robot-failure-lp1,66,22,90,4,0,0.4624867499805987,0.8597923329798505,0.6874013749184087,0.0
tabpfn35fast,cpu,robot-failure-lp1,66,22,90,4,1,0.1690257079899311,0.6703022910514846,0.6393054999643937,0.0
tabpfn35fast,cpu,robot-failure-lp1,66,22,90,4,2,0.169422333012335,0.3483119580196216,0.3501666249940172,0.0
tabpfn35fast,cpu,robot-failure-lp1,66,22,90,4,3,0.1493588750017807,0.3522606659680605,0.3266733329510316,0.0
tabicl,cpu,robot-failure-lp1,66,22,90,4,0,1.3170999999856576,0.2406322500901296,0.1934635420329868,6.854534149169922e-07
tabicl,cpu,robot-failure-lp1,66,22,90,4,1,0.1712394999340176,0.2625019169645384,0.2009989579673856,1.6689300537109375e-06
tabicl,cpu,robot-failure-lp1,66,22,90,4,2,0.1190118339145556,0.2240544590167701,0.2174836250487715,1.3262033462524414e-06
tabicl,cpu,robot-failure-lp1,66,22,90,4,3,0.1186678339727222,0.5105265830643475,0.3601807090453803,4.172325134277344e-07
tabfm,mps,robot-failure-lp1,66,22,90,4,0,15.005322207929568,2.2725613330258057,1.536007291986607,0.0
tabfm,mps,robot-failure-lp1,66,22,90,4,1,0.0316061249468475,1.7032073750160637,1.5261628750013188,0.0
tabfm,mps,robot-failure-lp1,66,22,90,4,2,0.0339612920070067,1.678007874987088,1.5226632920093834,0.0
tabfm,mps,robot-failure-lp1,66,22,90,4,3,0.0356691249180585,1.7233225839445367,1.5310816670535132,0.0
tabfm,cpu,robot-failure-lp1,66,22,90,4,0,11.891196542070247,18.446392916026525,16.62951637490187,0.0150234699249267
catboost,cpu,robot-failure-lp5,123,41,90,5,0,0.3465000829892233,0.0026215830584988,0.0007737500127404,0.0
catboost,cpu,robot-failure-lp5,123,41,90,5,1,4.37495108298026,0.0013618749799206,0.0008387500420212,0.0
catboost,cpu,robot-failure-lp5,123,41,90,5,2,0.2459138330304995,0.0010541250230744,0.0007743329042568,0.0
catboost,cpu,robot-failure-lp5,123,41,90,5,3,0.2671775419730693,0.0010010839905589,0.0007569169392809,0.0
xgboost,cpu,robot-failure-lp5,123,41,90,5,0,1.1820877080317589,0.0050159170059487,0.0015560829779133,0.0
xgboost,cpu,robot-failure-lp5,123,41,90,5,1,1.0916684169787914,0.0019239590037614,0.0015700419899076,0.0
xgboost,cpu,robot-failure-lp5,123,41,90,5,2,1.3243070839671418,0.0019919170299544,0.001636957982555,0.0
xgboost,cpu,robot-failure-lp5,123,41,90,5,3,0.9257867499254644,0.0018066670745611,0.0013257920509204,0.0
lgbm,cpu,robot-failure-lp5,123,41,90,5,0,1.805426124949008,0.0011063339188694,0.0004512500017881,0.0
lgbm,cpu,robot-failure-lp5,123,41,90,5,1,0.9252865409944206,0.0006711250171065,0.0004979589721187,0.0
lgbm,cpu,robot-failure-lp5,123,41,90,5,2,1.558290042099543,0.0007794580888003,0.0004419590113684,0.0
lgbm,cpu,robot-failure-lp5,123,41,90,5,3,0.6971325419144705,0.0007623749552294,0.0004681249847635,0.0
random_forest,cpu,robot-failure-lp5,123,41,90,5,0,0.114563750103116,0.0140853329794481,0.0141262089600786,2.220446049250313e-16
random_forest,cpu,robot-failure-lp5,123,41,90,5,1,0.6125185409327969,0.01445000001695,0.0143576669506728,1.1102230246251563e-16
random_forest,cpu,robot-failure-lp5,123,41,90,5,2,0.0334748750319704,0.0123846249189227,0.0143727919785305,5.551115123125783e-17
random_forest,cpu,robot-failure-lp5,123,41,90,5,3,0.1739587909542024,0.0144451670348644,0.0144938750891014,2.220446049250313e-16
tabpfn35,cpu,robot-failure-lp5,123,41,90,5,0,1.3797905830433592,0.7732368749566376,0.610886791953817,0.0
tabpfn35,cpu,robot-failure-lp5,123,41,90,5,1,0.4750871669966727,1.4908681670203805,1.2421798339346424,0.0
tabpfn35,cpu,robot-failure-lp5,123,41,90,5,2,0.5055352499475703,0.809372374904342,0.6416261249687523,0.0
tabpfn35,cpu,robot-failure-lp5,123,41,90,5,3,0.5065520419739187,0.775181083008647,0.6649423750350252,0.0
tabpfn35fast,cpu,robot-failure-lp5,123,41,90,5,0,0.5620230829808861,1.0382204999914393,0.8561585420975462,0.0
tabpfn35fast,cpu,robot-failure-lp5,123,41,90,5,1,0.1954161250032484,1.100714166997932,0.8687480830121785,0.0
tabpfn35fast,cpu,robot-failure-lp5,123,41,90,5,2,0.1789172500139102,1.1138699589064345,0.8622257919050753,0.0
tabpfn35fast,cpu,robot-failure-lp5,123,41,90,5,3,0.1661866249050945,0.979098082985729,0.8426265829475597,0.0
tabicl,cpu,robot-failure-lp5,123,41,90,5,0,0.1804707089904695,0.808603374985978,0.646856417064555,7.152557373046875e-07
tabicl,cpu,robot-failure-lp5,123,41,90,5,1,0.1508112909505143,1.514341791975312,1.1910523329861462,9.83476638793945e-07
tabicl,cpu,robot-failure-lp5,123,41,90,5,2,0.1397582499776035,0.7300610839156434,0.6142734580207616,6.556510925292969e-07
tabicl,cpu,robot-failure-lp5,123,41,90,5,3,0.2521427089814096,1.463320416980423,1.211534500005655,1.3709068298339844e-06
tabfm,mps,robot-failure-lp5,123,41,90,5,0,0.0356932500144466,6.470315708080307,2.001095417072065,0.0
tabfm,mps,robot-failure-lp5,123,41,90,5,1,0.0415305000497028,2.391277875052765,1.989557916065678,0.0
tabfm,mps,robot-failure-lp5,123,41,90,5,2,0.0408898330060765,2.3874355839798227,2.098259042017162,0.0
tabfm,mps,robot-failure-lp5,123,41,90,5,3,0.0423617080086842,2.4603460419457406,1.9947897919919344,0.0
tabfm,cpu,robot-failure-lp5,123,41,90,5,0,0.0406745419604703,31.844704166986048,25.15811499999836,0.0107206106185913
catboost,cpu,thyroid-newthyroid,161,54,5,3,0,0.1020163339562714,0.0026601669378578,0.0001323330216109,0.0
catboost,cpu,thyroid-newthyroid,161,54,5,3,1,0.0252180830575525,0.0002953340299427,0.0001093749888241,0.0
catboost,cpu,thyroid-newthyroid,161,54,5,3,2,0.1608474579406902,0.0003241249360144,0.0001637500245124,0.0
catboost,cpu,thyroid-newthyroid,162,53,5,3,3,0.0979626249754801,0.0002786670811474,0.0001078339992091,0.0
xgboost,cpu,thyroid-newthyroid,161,54,5,3,0,0.7911527919350192,0.0102296670665964,0.0006061249878257,0.0
xgboost,cpu,thyroid-newthyroid,161,54,5,3,1,0.6197780000511557,0.001004375051707,0.0005135829560458,0.0
xgboost,cpu,thyroid-newthyroid,161,54,5,3,2,0.7406589579768479,0.0008620419539511,0.0005169590003788,0.0
xgboost,cpu,thyroid-newthyroid,162,53,5,3,3,0.8217015829868615,0.000904000014998,0.0005346660036593,0.0
lgbm,cpu,thyroid-newthyroid,161,54,5,3,0,0.2318363330559805,0.0014117920072749,0.0003840419230982,0.0
lgbm,cpu,thyroid-newthyroid,161,54,5,3,1,0.8145590000785887,0.0006257919594645,0.0004136250354349,0.0
lgbm,cpu,thyroid-newthyroid,161,54,5,3,2,0.3355011659441516,0.000548040959984,0.0004060830688104,0.0
lgbm,cpu,thyroid-newthyroid,162,53,5,3,3,0.4806425420101732,0.0005940829869359,0.0004638750106096,0.0
random_forest,cpu,thyroid-newthyroid,161,54,5,3,0,0.0489220418967306,0.0118520420510321,0.0138781670248135,3.3306690738754696e-16
random_forest,cpu,thyroid-newthyroid,161,54,5,3,1,0.1753685420844704,0.0136709589278325,0.0141112499404698,0.0
random_forest,cpu,thyroid-newthyroid,161,54,5,3,2,0.079143000068143,0.0144807089818641,0.0139828340616077,1.1102230246251563e-16
random_forest,cpu,thyroid-newthyroid,162,53,5,3,3,0.1719238340156152,0.0135232500033453,0.0125776249915361,1.1102230246251563e-16
tabpfn35,cpu,thyroid-newthyroid,161,54,5,3,0,1.7385502909310162,1.0538250409299508,0.8966144169680774,0.0
tabpfn35,cpu,thyroid-newthyroid,161,54,5,3,1,0.4829377500573173,1.035375333041884,0.8894836249528453,0.0
tabpfn35,cpu,thyroid-newthyroid,161,54,5,3,2,0.471873166039586,0.5178658340591937,0.4378990830155089,0.0
tabpfn35,cpu,thyroid-newthyroid,162,53,5,3,3,0.4059655000455677,0.5228777499869466,0.4462562080007046,0.0
tabpfn35fast,cpu,thyroid-newthyroid,161,54,5,3,0,0.5003162909997627,0.4928676669951528,0.4233882080297917,0.0
tabpfn35fast,cpu,thyroid-newthyroid,161,54,5,3,1,0.1507630840642377,0.2453524169977754,0.2129002501023933,0.0
tabpfn35fast,cpu,thyroid-newthyroid,161,54,5,3,2,0.1465735839447006,0.2378109580604359,0.2119176250416785,0.0
tabpfn35fast,cpu,thyroid-newthyroid,162,53,5,3,3,0.1464533749967813,0.2456930829212069,0.2143059999216348,0.0
tabicl,cpu,thyroid-newthyroid,161,54,5,3,0,0.1288667919579893,0.1653364589437842,0.1429092079633847,2.980232238769531e-07
tabicl,cpu,thyroid-newthyroid,161,54,5,3,1,0.0915526249445974,0.1550300839589908,0.1526568330591544,7.152557373046875e-07
tabicl,cpu,thyroid-newthyroid,161,54,5,3,2,0.0928877919213846,0.1687612920068204,0.1384621250908821,7.152557373046875e-07
tabicl,cpu,thyroid-newthyroid,162,53,5,3,3,0.0865889169508591,0.1057366669410839,0.1025765419472009,9.5367431640625e-07
tabfm,mps,thyroid-newthyroid,161,54,5,3,0,0.0070994170382618,4.201255250023678,0.9107353331055492,0.0
tabfm,mps,thyroid-newthyroid,161,54,5,3,1,0.0047232080250978,1.0687649580650032,0.8928674589842558,0.0
tabfm,mps,thyroid-newthyroid,161,54,5,3,2,0.0061100829625502,1.0605202919105068,0.8955844999291003,0.0
tabfm,mps,thyroid-newthyroid,162,53,5,3,3,0.0056861659977585,1.1130208749091253,0.9317662920802832,0.0
tabfm,cpu,thyroid-newthyroid,161,54,5,3,0,0.0063852909952402,14.434504125034437,10.42523762502242,0.0160924792289733
catboost,cpu,user-knowledge,302,101,5,5,0,0.1711645839968696,0.0004958750214427,0.000128332991153,0.0
catboost,cpu,user-knowledge,302,101,5,5,1,0.1372774579795077,0.0004005840746685,0.0001195840304717,0.0
catboost,cpu,user-knowledge,302,101,5,5,2,0.0952652919804677,0.0003833329537883,0.0001151670003309,0.0
catboost,cpu,user-knowledge,303,100,5,5,3,0.0522699590073898,0.0003717499785125,0.0001161670079454,0.0
xgboost,cpu,user-knowledge,302,101,5,5,0,1.0805155000416562,0.0010877080494537,0.0006042090244591,0.0
xgboost,cpu,user-knowledge,302,101,5,5,1,2.0751870829844847,0.0012924999464303,0.0005097079556435,0.0
xgboost,cpu,user-knowledge,302,101,5,5,2,1.0010174579219893,0.0011087498860433,0.0006022499874234,0.0
xgboost,cpu,user-knowledge,303,100,5,5,3,0.3364447500789538,0.0018349998863413,0.0006092090625315,0.0
lgbm,cpu,user-knowledge,302,101,5,5,0,4.012914499966428,0.0015382079873234,0.0002894999925047,0.0
lgbm,cpu,user-knowledge,302,101,5,5,1,0.6564435000764206,0.0006774170324206,0.0004122909158468,0.0
lgbm,cpu,user-knowledge,302,101,5,5,2,5.422227457980625,0.0013490000274032,0.0002861670218408,0.0
lgbm,cpu,user-knowledge,303,100,5,5,3,2.2912809579866007,0.0012880420545116,0.0003857919946312,0.0
random_forest,cpu,user-knowledge,302,101,5,5,0,0.1605660419445485,0.0270581250078976,0.0143360419897362,1.1102230246251563e-16
random_forest,cpu,user-knowledge,302,101,5,5,1,0.1488179169828072,0.0255672910716384,0.0144351660273969,2.220446049250313e-16
random_forest,cpu,user-knowledge,302,101,5,5,2,0.0297528330702334,0.0143111249199137,0.014083583955653,2.220446049250313e-16
random_forest,cpu,user-knowledge,303,100,5,5,3,0.1420688329963013,0.0144396669929847,0.0145179579267278,2.220446049250313e-16
tabpfn35,cpu,user-knowledge,302,101,5,5,0,2.1500990410568193,1.4403668330051005,1.191053458955139,0.0
tabpfn35,cpu,user-knowledge,302,101,5,5,1,0.4637402499793097,0.7301353749353439,0.5991220410214737,0.0
tabpfn35,cpu,user-knowledge,302,101,5,5,2,0.411743083037436,0.7163472499232739,0.5940354591002688,0.0
tabpfn35,cpu,user-knowledge,303,100,5,5,3,0.4087942499900237,1.4421007500495762,1.2082411251030862,0.0
tabpfn35fast,cpu,user-knowledge,302,101,5,5,0,0.4606998329982161,0.6604871249292046,0.549294791999273,0.0
tabpfn35fast,cpu,user-knowledge,302,101,5,5,1,0.1464644999941811,0.6475437920307741,0.5738504170440137,0.0
tabpfn35fast,cpu,user-knowledge,302,101,5,5,2,0.151484707952477,0.6868887910386547,0.5727504999376833,0.0
tabpfn35fast,cpu,user-knowledge,303,100,5,5,3,0.1506906249560415,0.6786629169946536,0.5490285420091823,0.0
tabicl,cpu,user-knowledge,302,101,5,5,0,0.1045782499713823,0.5476117499638349,0.4243122079642489,3.0100345611572266e-06
tabicl,cpu,user-knowledge,302,101,5,5,1,0.0924139579292386,0.5285386670148,0.412402292015031,1.5497207641601562e-06
tabicl,cpu,user-knowledge,302,101,5,5,2,0.0888255840400233,0.5720112919807434,0.414134458056651,1.6093254089355469e-06
tabicl,cpu,user-knowledge,303,100,5,5,3,0.0860845000715926,0.5431937499670312,0.4383938750252127,3.814697265625e-06
tabfm,mps,user-knowledge,302,101,5,5,0,0.0052447919733822,2.477481667068787,1.319384624948725,0.0
tabfm,mps,user-knowledge,302,101,5,5,1,0.0099330830853432,1.630038708914071,1.306825999985449,0.0
tabfm,mps,user-knowledge,302,101,5,5,2,0.0071060410700738,1.6495079159503805,1.3373423750745133,0.0
tabfm,mps,user-knowledge,303,100,5,5,3,0.0061316669452935,1.6219979579327628,1.3451909159775823,0.0
tabfm,cpu,user-knowledge,302,101,5,5,0,0.0062547920970246,28.867768167052414,19.34454475005623,0.0286995768547058
catboost,cpu,thoracic-surgery,352,118,16,2,0,0.0839459579437971,0.0007104999385774,0.0002199169248342,0.0
catboost,cpu,thoracic-surgery,352,118,16,2,1,0.0114387078210711,0.0003171670250594,0.0002126658800989,0.0
catboost,cpu,thoracic-surgery,353,117,16,2,2,0.1905446669552475,0.0003886250779032,0.0001962499227374,0.0
catboost,cpu,thoracic-surgery,353,117,16,2,3,0.217930959071964,0.0004209158942103,0.0002105000894516,0.0
xgboost,cpu,thoracic-surgery,352,118,16,2,0,0.1883425419218838,0.0014328327961266,0.0009049579966813,0.0
xgboost,cpu,thoracic-surgery,352,118,16,2,1,0.1946641248650849,0.00115641602315,0.0009184998925775,0.0
xgboost,cpu,thoracic-surgery,353,117,16,2,2,0.6038344579283148,0.0012790421023964,0.0009304168634116,0.0
xgboost,cpu,thoracic-surgery,353,117,16,2,3,0.3088978328742087,0.0011367090046405,0.000882624881342,0.0
lgbm,cpu,thoracic-surgery,352,118,16,2,0,3.1790785419289023,0.0011383749078959,0.0003897079732269,0.0
lgbm,cpu,thoracic-surgery,352,118,16,2,1,3.5483619158621877,0.0010876250453293,0.0003634579479694,0.0
lgbm,cpu,thoracic-surgery,353,117,16,2,2,0.8021365839522332,0.0007329590152949,0.0004513328894972,0.0
lgbm,cpu,thoracic-surgery,353,117,16,2,3,2.1285532501060516,0.0062274169176816,0.0004062501247972,0.0
random_forest,cpu,thoracic-surgery,352,118,16,2,0,0.0814882090780884,0.0142584170680493,0.0143557081464678,5.551115123125785e-16
random_forest,cpu,thoracic-surgery,352,118,16,2,1,0.1568484578747302,0.0124753750860691,0.0143022909760475,2.220446049250313e-16
random_forest,cpu,thoracic-surgery,353,117,16,2,2,0.0351607918273657,0.0141490411479026,0.0142897078767418,3.3306690738754696e-16
random_forest,cpu,thoracic-surgery,353,117,16,2,3,0.0703093751799315,0.0141494160052388,0.013059499906376,5.551115123125785e-16
tabpfn35,cpu,thoracic-surgery,352,118,16,2,0,1.238789166789502,0.923496542032808,0.7356195410247892,0.0
tabpfn35,cpu,thoracic-surgery,352,118,16,2,1,0.6242724591866136,1.7410712079145014,1.4810970001854002,0.0
tabpfn35,cpu,thoracic-surgery,353,117,16,2,2,0.5227546249516308,1.7669198331423104,1.5455544169526547,0.0
tabpfn35,cpu,thoracic-surgery,353,117,16,2,3,0.5438968339003623,0.9402975409757346,0.7868124591186643,0.0
tabpfn35fast,cpu,thoracic-surgery,352,118,16,2,0,0.6312015000730753,0.4687262920197099,0.3942720419727266,0.0
tabpfn35fast,cpu,thoracic-surgery,352,118,16,2,1,0.2177745830267667,0.9165149999316782,0.7972794999368489,0.0
tabpfn35fast,cpu,thoracic-surgery,353,117,16,2,2,0.1675463749561458,0.9716431668493896,0.854760916903615,0.0
tabpfn35fast,cpu,thoracic-surgery,353,117,16,2,3,0.2496453339699655,1.045712708029896,0.7761893330607563,0.0
tabicl,cpu,thoracic-surgery,352,118,16,2,0,0.1361846248619258,0.2638325418811291,0.2205822907853871,2.384185791015625e-07
tabicl,cpu,thoracic-surgery,352,118,16,2,1,0.0969693749211728,0.5733678750693798,0.4288218331057578,4.172325134277344e-07
tabicl,cpu,thoracic-surgery,353,117,16,2,2,0.1135539589449763,0.4920034999959171,0.39947837498039,2.980232238769531e-07
tabicl,cpu,thoracic-surgery,353,117,16,2,3,0.0999912079423666,0.9370831670239568,0.8015349581837654,8.642673492431641e-07
tabfm,mps,thoracic-surgery,352,118,16,2,0,0.0137883750721812,6.967619749950245,1.7757904999889431,0.0
tabfm,mps,thoracic-surgery,352,118,16,2,1,0.0125472920481115,2.221766375005245,1.7927240419667214,0.0
tabfm,mps,thoracic-surgery,353,117,16,2,2,0.0195352078881114,2.2322657089680433,1.7505597909912467,0.0
tabfm,mps,thoracic-surgery,353,117,16,2,3,0.0150437918491661,2.2614125839900225,1.76443662494421,0.0
tabfm,cpu,thoracic-surgery,352,118,16,2,0,0.0129880420863628,39.48509066691622,29.581462499918416,0.0103095173835754
catboost,cpu,statlog-australian-credit,517,173,14,2,0,0.5923521248623729,0.004569916985929,0.0008478749077767,0.0
catboost,cpu,statlog-australian-credit,517,173,14,2,1,0.1226767089683562,0.0004387500230222,0.0003885829355567,0.0
catboost,cpu,statlog-australian-credit,518,172,14,2,2,0.0663677498232573,0.0004205000586807,0.0001954999752342,0.0
catboost,cpu,statlog-australian-credit,518,172,14,2,3,0.0688816250767558,0.0004342079628258,0.00019370787777,0.0
xgboost,cpu,statlog-australian-credit,517,173,14,2,0,0.3097950841765851,0.0066177090629935,0.0012181249912828,0.0
xgboost,cpu,statlog-australian-credit,517,173,14,2,1,0.1549647920764982,0.0010504159145057,0.0007237498648464,0.0
xgboost,cpu,statlog-australian-credit,518,172,14,2,2,0.3445691249798983,0.0012263339012861,0.0007308749482035,0.0
xgboost,cpu,statlog-australian-credit,518,172,14,2,3,0.2252782499417662,0.0013764998875558,0.0008066250011324,0.0
lgbm,cpu,statlog-australian-credit,517,173,14,2,0,0.2958905000705272,0.0013002089690417,0.0004732920788228,0.0
lgbm,cpu,statlog-australian-credit,517,173,14,2,1,1.138900208985433,0.0013643328566104,0.000426165992394,0.0
lgbm,cpu,statlog-australian-credit,518,172,14,2,2,1.0031011251267046,0.0013255830854177,0.000455625122413,0.0
lgbm,cpu,statlog-australian-credit,518,172,14,2,3,0.4698730001691729,0.0008531671483069,0.0003880420699715,0.0
random_forest,cpu,statlog-australian-credit,517,173,14,2,0,0.0694206671323627,0.0142728339415043,0.0145545001141726,3.3306690738754696e-16
random_forest,cpu,statlog-australian-credit,517,173,14,2,1,0.2108359588310122,0.0309154158458113,0.0141409588977694,2.220446049250313e-16
random_forest,cpu,statlog-australian-credit,518,172,14,2,2,0.0322954170405864,0.0143382081296294,0.0145414168946444,3.3306690738754696e-16
random_forest,cpu,statlog-australian-credit,518,172,14,2,3,0.0295575829222798,0.014414417091757,0.0142361668404191,3.3306690738754696e-16
tabpfn35,cpu,statlog-australian-credit,517,173,14,2,0,1.5952605418860912,3.353298250120133,2.000068916939199,0.0
tabpfn35,cpu,statlog-australian-credit,517,173,14,2,1,1.3462079169694334,1.3183612499851731,0.9600342500489204,0.0
tabpfn35,cpu,statlog-australian-credit,518,172,14,2,2,0.5287222920451313,2.260838999878615,2.012981459032744,0.0
tabpfn35,cpu,statlog-australian-credit,518,172,14,2,3,0.4579437088686973,1.1525367500726134,0.9963644999079406,0.0
tabpfn35fast,cpu,statlog-australian-credit,517,173,14,2,0,0.4763388750143349,0.6159105419646949,0.4706056250724941,0.0
tabpfn35fast,cpu,statlog-australian-credit,517,173,14,2,1,0.1564820830244571,0.6162974999751896,0.4732980830594897,0.0
tabpfn35fast,cpu,statlog-australian-credit,518,172,14,2,2,0.1539585830178111,0.5389432918746024,0.4733312919270247,0.0
tabpfn35fast,cpu,statlog-australian-credit,518,172,14,2,3,0.1564249580260366,0.5660201669670641,0.4804543331265449,0.0
tabicl,cpu,statlog-australian-credit,517,173,14,2,0,0.1321153750177472,1.3531391250435263,1.1473297500051558,2.0265579223632812e-06
tabicl,cpu,statlog-australian-credit,517,173,14,2,1,0.1203175829723477,1.352061624871567,1.070184624986723,1.6689300537109375e-06
tabicl,cpu,statlog-australian-credit,518,172,14,2,2,0.1071207500062882,1.3233995840419084,1.082823249977082,1.4901161193847656e-06
tabicl,cpu,statlog-australian-credit,518,172,14,2,3,0.0924562499858439,1.312959374859929,1.0775040839798748,1.0132789611816406e-06
tabfm,mps,statlog-australian-credit,517,173,14,2,0,0.0129323329310864,11.839406667044386,2.3181522919330746,0.0
tabfm,mps,statlog-australian-credit,517,173,14,2,1,0.0118248329963535,2.9793431661091745,2.337242957903072,0.0
tabfm,mps,statlog-australian-credit,518,172,14,2,2,0.0163664170540869,3.004261458059773,2.5680664170067757,0.0
tabfm,mps,statlog-australian-credit,518,172,14,2,3,0.0151250001508742,2.96848704200238,2.318345250096172,0.0
tabfm,cpu,statlog-australian-credit,517,173,14,2,0,0.0123778339475393,57.45198737503961,37.69218954211101,0.0102231204509735
catboost,cpu,qsar-biodegradation,791,264,41,2,0,0.4217090830206871,0.0048220001626759,0.0007962919771671,0.0
catboost,cpu,qsar-biodegradation,791,264,41,2,1,1.13440570817329,0.0008159580174833,0.0003912090323865,0.0
catboost,cpu,qsar-biodegradation,791,264,41,2,2,0.644116957904771,0.0007563331164419,0.000386832980439,0.0
catboost,cpu,qsar-biodegradation,792,263,41,2,3,0.0703574169892817,0.0006712090689688,0.0003866250626742,0.0
xgboost,cpu,qsar-biodegradation,791,264,41,2,0,0.4982960841152817,0.0026130408514291,0.0010322090238332,0.0
xgboost,cpu,qsar-biodegradation,791,264,41,2,1,0.8269681250676513,0.0016023339703679,0.001470792107284,0.0
xgboost,cpu,qsar-biodegradation,791,264,41,2,2,1.01060483395122,0.0015910000074654,0.0008804588578641,0.0
xgboost,cpu,qsar-biodegradation,792,263,41,2,3,0.6580429589375854,0.0014797078911215,0.0009041249286383,0.0
lgbm,cpu,qsar-biodegradation,791,264,41,2,0,3.508963791886345,0.001375125022605,0.0004300000146031,0.0
lgbm,cpu,qsar-biodegradation,791,264,41,2,1,1.036751541076228,0.0007971671875566,0.0004016668535768,0.0
lgbm,cpu,qsar-biodegradation,791,264,41,2,2,2.575687167001888,0.0013525001704692,0.0004164159763604,0.0
lgbm,cpu,qsar-biodegradation,792,263,41,2,3,2.151571416994557,0.0011532080825418,0.0003993751015514,0.0
random_forest,cpu,qsar-biodegradation,791,264,41,2,0,0.2236853330396115,0.0260953749530017,0.0142426670063287,3.3306690738754696e-16
random_forest,cpu,qsar-biodegradation,791,264,41,2,1,0.2432655419688671,0.0269982090685516,0.0142632499337196,2.220446049250313e-16
random_forest,cpu,qsar-biodegradation,791,264,41,2,2,0.2209232090972364,0.0265864171087741,0.0140168750658631,3.3306690738754696e-16
random_forest,cpu,qsar-biodegradation,792,263,41,2,3,0.2037816250231117,0.0267262088600546,0.0139157080557197,2.220446049250313e-16
tabpfn35,cpu,qsar-biodegradation,791,264,41,2,0,1.3584640831686556,4.369299624813721,3.368742749793455,0.0
tabpfn35,cpu,qsar-biodegradation,791,264,41,2,1,0.5581349169369787,4.267900958191603,3.398408333072439,0.0
tabpfn35,cpu,qsar-biodegradation,791,264,41,2,2,0.9884958330076188,4.284749333979562,3.3723713329527527,0.0
tabpfn35,cpu,qsar-biodegradation,792,263,41,2,3,0.584006458055228,2.153492208803073,1.6932385419495404,0.0
tabpfn35fast,cpu,qsar-biodegradation,791,264,41,2,0,0.4968920419923961,2.5191992910113186,2.056182166095823,0.0
tabpfn35fast,cpu,qsar-biodegradation,791,264,41,2,1,0.1885555000044405,1.2701659579761326,1.010874083964154,0.0
tabpfn35fast,cpu,qsar-biodegradation,791,264,41,2,2,0.1628040829673409,1.328598959138617,1.0247154580429196,0.0
tabpfn35fast,cpu,qsar-biodegradation,792,263,41,2,3,0.1579157090745866,1.2633139579556882,1.0206148750148714,0.0
tabicl,cpu,qsar-biodegradation,791,264,41,2,0,0.2027054999489337,1.046570916892961,0.8063235420268029,5.066394805908203e-07
tabicl,cpu,qsar-biodegradation,791,264,41,2,1,0.124191208044067,2.1000492910388857,1.4230324169620872,9.5367431640625e-07
tabicl,cpu,qsar-biodegradation,791,264,41,2,2,0.1571836669463664,1.8430194158572704,1.3699667500331998,6.705522537231445e-07
tabicl,cpu,qsar-biodegradation,792,263,41,2,3,0.1255837499629706,3.5285419169813395,2.767734124790877,1.1622905731201172e-06
tabfm,mps,qsar-biodegradation,791,264,41,2,0,0.0311717081349343,10.037917624926196,5.37552508409135,0.0
tabfm,mps,qsar-biodegradation,791,264,41,2,1,0.0386680420488119,7.59629675000906,5.365365500096232,0.0
tabfm,mps,qsar-biodegradation,791,264,41,2,2,0.0337139170151203,7.003769249888137,5.3126425829250365,0.0
tabfm,mps,qsar-biodegradation,792,263,41,2,3,0.029997041914612,7.003238916862756,5.331272874958813,0.0
tabfm,cpu,qsar-biodegradation,791,264,41,2,0,0.0372563749551773,129.89550508302636,85.48715866589919,0.0258946418762207
catboost,cpu,mfeat-fourier,1500,500,76,10,0,2.100966541096568,0.0044739579316228,0.0009127079974859,0.0
catboost,cpu,mfeat-fourier,1500,500,76,10,1,1.6155336250085384,0.0018415839876979,0.00069783302024,0.0
catboost,cpu,mfeat-fourier,1500,500,76,10,2,1.283767665969208,0.0016867090016603,0.0006903749890625,0.0
catboost,cpu,mfeat-fourier,1500,500,76,10,3,0.6637168747838587,0.0016282079741358,0.0006615000311285,0.0
xgboost,cpu,mfeat-fourier,1500,500,76,10,0,5.817512624897063,0.0117780000437051,0.0020053328480571,0.0
xgboost,cpu,mfeat-fourier,1500,500,76,10,1,9.449532916070892,0.0036089168861508,0.0015381250996142,0.0
xgboost,cpu,mfeat-fourier,1500,500,76,10,2,7.783924667164683,0.0042405419517308,0.0015417078975588,0.0
xgboost,cpu,mfeat-fourier,1500,500,76,10,3,7.981927999993786,0.0068697500973939,0.0019717079121619,0.0
lgbm,cpu,mfeat-fourier,1500,500,76,10,0,6.9713590000756085,0.0074273750651627,0.000369916902855,0.0
lgbm,cpu,mfeat-fourier,1500,500,76,10,1,10.475191333098335,0.0086954578291624,0.000407291110605,0.0
lgbm,cpu,mfeat-fourier,1500,500,76,10,2,13.01107845781371,0.0085733749438077,0.0005152078811079,0.0
lgbm,cpu,mfeat-fourier,1500,500,76,10,3,13.793855667114258,0.009099124930799,0.0004188329912722,0.0
random_forest,cpu,mfeat-fourier,1500,500,76,10,0,0.3603157079778611,0.0252492500003427,0.0123753328807652,4.440892098500626e-16
random_forest,cpu,mfeat-fourier,1500,500,76,10,1,0.3334610830061137,0.0266269159037619,0.0143431250471621,2.220446049250313e-16
random_forest,cpu,mfeat-fourier,1500,500,76,10,2,0.1288288331124931,0.0148385830689221,0.0142845418304204,3.3306690738754696e-16
random_forest,cpu,mfeat-fourier,1500,500,76,10,3,0.3064064159989357,0.0258549589198082,0.012550082989037,3.3306690738754696e-16
tabpfn35,cpu,mfeat-fourier,1500,500,76,10,0,1.5515997079201045,11.149285624967888,7.288790707942098,0.0
tabpfn35,cpu,mfeat-fourier,1500,500,76,10,1,0.6868152089882642,12.187592250062153,7.6818510422017425,0.0
tabpfn35,cpu,mfeat-fourier,1500,500,76,10,2,1.4915846670046449,9.824977833079174,7.539018291980028,0.0
tabpfn35,cpu,mfeat-fourier,1500,500,76,10,3,0.4695619170088321,11.794553084066138,6.683089250000194,0.0
tabpfn35fast,cpu,mfeat-fourier,1500,500,76,10,0,0.5097270831465721,2.910972542129457,2.4020437910221517,0.0
tabpfn35fast,cpu,mfeat-fourier,1500,500,76,10,1,0.1882612919434905,5.512606292031705,4.312236041063443,0.0
tabpfn35fast,cpu,mfeat-fourier,1500,500,76,10,2,0.1684683749917894,3.4423177910503,2.3965724168810993,0.0
tabpfn35fast,cpu,mfeat-fourier,1500,500,76,10,3,0.1957870000042021,6.4972475410904735,4.682879415806383,0.0
tabicl,cpu,mfeat-fourier,1500,500,76,10,0,0.2038144171237945,12.823125082999468,8.335859666811302,7.152557373046875e-07
tabicl,cpu,mfeat-fourier,1500,500,76,10,1,0.203393166186288,3.2896317911799997,2.066172417020425,4.76837158203125e-07
tabicl,cpu,mfeat-fourier,1500,500,76,10,2,0.166412458056584,11.860039749881253,8.275268916040659,4.76837158203125e-07
tabicl,cpu,mfeat-fourier,1500,500,76,10,3,0.190138041973114,11.600322917103767,7.9850346660241485,5.960464477539062e-07
tabfm,mps,mfeat-fourier,1500,500,76,10,0,0.0796767501160502,36.719393542036414,14.663462625117972,0.0
tabfm,mps,mfeat-fourier,1500,500,76,10,1,0.0864880830049514,20.353654666105285,14.547389500075951,0.0
tabfm,mps,mfeat-fourier,1500,500,76,10,2,0.0803092501591891,20.01552191702649,14.816382667049766,0.0
tabfm,mps,mfeat-fourier,1500,500,76,10,3,0.1001745001412928,20.117153000086542,14.827381832990795,0.0
tabfm,cpu,mfeat-fourier,1500,500,76,10,0,0.0782602918334305,361.5001125419512,237.0237376659643,0.0808249711990356
catboost,cpu,thyroid-allbp,2100,700,26,5,0,0.5076588341034949,0.0043325000442564,0.0002986250910907,0.0
catboost,cpu,thyroid-allbp,2100,700,26,5,1,1.591082416009158,0.00103525002487,0.0002752498257905,0.0
catboost,cpu,thyroid-allbp,2100,700,26,5,2,1.0241399998776617,0.0010278329718858,0.0002813749015331,0.0
catboost,cpu,thyroid-allbp,2100,700,26,5,3,0.2557012499310076,0.0009788339957594,0.0003015000838786,0.0
xgboost,cpu,thyroid-allbp,2100,700,26,5,0,0.8011869159527123,0.007208582945168,0.0013785418123006,0.0
xgboost,cpu,thyroid-allbp,2100,700,26,5,1,0.5586952089797705,0.0015114999841898,0.0010569589212536,0.0
xgboost,cpu,thyroid-allbp,2100,700,26,5,2,0.8279342500027269,0.0022308330517262,0.001066124998033,0.0
xgboost,cpu,thyroid-allbp,2100,700,26,5,3,0.6183397499844432,0.001528917113319,0.0011147500481456,0.0
lgbm,cpu,thyroid-allbp,2100,700,26,5,0,6.789183082990348,0.0074696668889373,0.0003022500313818,0.0
lgbm,cpu,thyroid-allbp,2100,700,26,5,1,1.4104863749817014,0.0020266249775886,0.0004355830606073,0.0
lgbm,cpu,thyroid-allbp,2100,700,26,5,2,5.430970208020881,0.0059466250240802,0.0003193330485373,0.0
lgbm,cpu,thyroid-allbp,2100,700,26,5,3,13.10593183292076,0.0117311670910567,0.0003559999167919,0.0
random_forest,cpu,thyroid-allbp,2100,700,26,5,0,0.1673887919168919,0.0148642910644412,0.0125394579954445,5.551115123125785e-16
random_forest,cpu,thyroid-allbp,2100,700,26,5,1,0.2274754578247666,0.0241459580138325,0.0144036249257624,7.771561172376098e-16
random_forest,cpu,thyroid-allbp,2100,700,26,5,2,0.2194242079276591,0.0258822499308735,0.0140318749472498,5.551115123125785e-16
random_forest,cpu,thyroid-allbp,2100,700,26,5,3,0.1142338751815259,0.0155812080483883,0.014026875142008,5.551115123125785e-16
tabpfn35,cpu,thyroid-allbp,2100,700,26,5,0,1.7747635410632938,5.929691959172487,3.958386791171506,0.0
tabpfn35,cpu,thyroid-allbp,2100,700,26,5,1,0.5318674170412123,9.391186917200685,8.175310583086684,0.0
tabpfn35,cpu,thyroid-allbp,2100,700,26,5,2,0.6534640409518033,9.67673737509176,8.031779374927282,0.0
tabpfn35,cpu,thyroid-allbp,2100,700,26,5,3,1.3081515422090888,4.828684959094971,4.4935714160092175,0.0
tabpfn35fast,cpu,thyroid-allbp,2100,700,26,5,0,0.441996790934354,2.9871119169984013,2.3104672499466687,0.0
tabpfn35fast,cpu,thyroid-allbp,2100,700,26,5,1,0.1933220420032739,5.202219291822985,4.22988074994646,0.0
tabpfn35fast,cpu,thyroid-allbp,2100,700,26,5,2,0.1912597499322146,5.247146416921169,4.294064083136618,0.0
tabpfn35fast,cpu,thyroid-allbp,2100,700,26,5,3,0.1904462911188602,2.5951643330045044,2.3088896670378745,0.0
tabicl,cpu,thyroid-allbp,2100,700,26,5,0,0.1582754580304026,4.796527584083378,2.9703134160954505,3.576278686523438e-07
tabicl,cpu,thyroid-allbp,2100,700,26,5,1,0.218225791119039,4.480103292036802,2.7899519170168787,1.4901161193847656e-06
tabicl,cpu,thyroid-allbp,2100,700,26,5,2,0.1551000420004129,1.8363215839490297,1.628938625101,4.76837158203125e-07
tabicl,cpu,thyroid-allbp,2100,700,26,5,3,0.2039145419839769,2.1003410420380533,1.3485380420461297,3.576278686523438e-07
tabfm,mps,thyroid-allbp,2100,700,26,5,0,0.0364264999516308,61.33605449995957,12.495246958220378,0.0
tabfm,mps,thyroid-allbp,2100,700,26,5,1,0.0414706668816506,16.033611458027735,12.038636832963675,0.0
tabfm,mps,thyroid-allbp,2100,700,26,5,2,0.0382122499868273,16.50934391701594,11.720203750068322,0.0
tabfm,mps,thyroid-allbp,2100,700,26,5,3,0.0347420840989798,17.394213457824662,12.882819999940692,0.0
tabfm,cpu,thyroid-allbp,2100,700,26,5,0,0.0352571250405162,477.9963802502025,285.8015293329954,0.012915015220642
catboost,cpu,volcanoes-a1,2439,813,3,5,0,2.807231958024204,0.0033116252161562,0.0001057919580489,0.0
catboost,cpu,volcanoes-a1,2439,813,3,5,1,0.2730450839735567,0.0010499998461455,0.0001148330047726,0.0
catboost,cpu,volcanoes-a1,2439,813,3,5,2,0.4329822910949588,0.001310417195782,0.0001306249760091,0.0
catboost,cpu,volcanoes-a1,2439,813,3,5,3,0.4952354580163955,0.0011870830785483,9.529199451208116e-05,0.0
xgboost,cpu,volcanoes-a1,2439,813,3,5,0,1.489291040925309,0.0084121250547468,0.0007320418953895,0.0
xgboost,cpu,volcanoes-a1,2439,813,3,5,1,3.872495249845087,0.0027962080202996,0.0008590421639382,0.0
xgboost,cpu,volcanoes-a1,2439,813,3,5,2,2.1724404580891132,0.0015413749497383,0.0005824579857289,0.0
xgboost,cpu,volcanoes-a1,2439,813,3,5,3,3.3777395409997553,0.0019770001526921,0.0006184999365359,0.0
lgbm,cpu,volcanoes-a1,2439,813,3,5,0,8.440337583888322,0.0097044170834124,0.0003831249196082,0.0
lgbm,cpu,volcanoes-a1,2439,813,3,5,1,27.739304582821205,0.0184930001851171,0.0005444169510155,0.0
lgbm,cpu,volcanoes-a1,2439,813,3,5,2,20.35437229112722,0.0171189589891582,0.0003586660604923,0.0
lgbm,cpu,volcanoes-a1,2439,813,3,5,3,4.393151583150029,0.0138829578645527,0.0005550000350922,0.0
random_forest,cpu,volcanoes-a1,2439,813,3,5,0,0.1324468329548835,0.016770124901086,0.0138379160780459,3.3306690738754696e-16
random_forest,cpu,volcanoes-a1,2439,813,3,5,1,0.0776713339146226,0.0120272079948335,0.0126847499050199,0.0
random_forest,cpu,volcanoes-a1,2439,813,3,5,2,0.1031870408914983,0.0144555829465389,0.0164408748969435,2.220446049250313e-16
random_forest,cpu,volcanoes-a1,2439,813,3,5,3,0.0646970828529447,0.0161694998387247,0.0162111250683665,2.7755575615628914e-17
tabpfn35,cpu,volcanoes-a1,2439,813,3,5,0,1.731911167036742,4.726190333021805,3.3767864999827,0.0
tabpfn35,cpu,volcanoes-a1,2439,813,3,5,1,0.497703667031601,4.30995733407326,3.3514997910242528,0.0
tabpfn35,cpu,volcanoes-a1,2439,813,3,5,2,0.4768445419613272,11.034371375106277,7.246432000072673,0.0
tabpfn35,cpu,volcanoes-a1,2439,813,3,5,3,2.011378875002265,4.447340541984886,3.384496999904514,0.0
tabpfn35fast,cpu,volcanoes-a1,2439,813,3,5,0,0.4455539169721305,1.7333758329041302,1.387061957968399,0.0
tabpfn35fast,cpu,volcanoes-a1,2439,813,3,5,1,0.1534403748810291,3.4863227501045913,2.6749302078969777,0.0
tabpfn35fast,cpu,volcanoes-a1,2439,813,3,5,2,0.1612978749908507,3.506565083982423,2.7069507502019405,0.0
tabpfn35fast,cpu,volcanoes-a1,2439,813,3,5,3,0.1527151658665388,1.723811374977231,1.401179333915934,0.0
tabicl,cpu,volcanoes-a1,2439,813,3,5,0,0.1238395408727228,1.0463080829940736,0.8487016251310706,7.212162017822266e-06
tabicl,cpu,volcanoes-a1,2439,813,3,5,1,0.1010903329588472,4.315167291089892,3.1616675830446184,5.7220458984375e-06
tabicl,cpu,volcanoes-a1,2439,813,3,5,2,0.1493838750757277,4.185289040906355,3.3712871249299496,4.291534423828125e-06
tabicl,cpu,volcanoes-a1,2439,813,3,5,3,0.1289556249976158,1.1509054580237716,0.8152907500043511,1.9222497940063477e-05
tabfm,mps,volcanoes-a1,2439,813,3,5,0,0.0078049998264759,58.31413666694425,8.901842291932553,0.0
tabfm,mps,volcanoes-a1,2439,813,3,5,1,0.0102927908301353,12.99772783415392,9.310683916090056,0.0
tabfm,mps,volcanoes-a1,2439,813,3,5,2,0.0141179580241441,13.734379082918167,9.29573754197918,0.0
tabfm,mps,volcanoes-a1,2439,813,3,5,3,0.0082016659434884,13.67373662511818,9.4264821249526,0.0
tabfm,cpu,volcanoes-a1,2439,813,3,5,0,0.0093510840088129,521.1953380841296,302.59818116691895,0.0077889710664749
catboost,cpu,phoneme,4053,1351,5,2,0,0.9651058749295772,0.0028382078744471,0.00012933393009,0.0
catboost,cpu,phoneme,4053,1351,5,2,1,0.8550620418973267,0.0007710421923547,0.0001265411265194,0.0
catboost,cpu,phoneme,4053,1351,5,2,2,0.6190316248685122,0.0008028750307857,0.0001226251479238,0.0
catboost,cpu,phoneme,4053,1351,5,2,3,0.6536244580056518,0.0008843750692903,0.0001289590727537,0.0
xgboost,cpu,phoneme,4053,1351,5,2,0,1.3574779168702662,0.0064104588236659,0.0007455840241163,0.0
xgboost,cpu,phoneme,4053,1351,5,2,1,0.9531984589993954,0.0019573748577386,0.0005227918736636,0.0
xgboost,cpu,phoneme,4053,1351,5,2,2,1.1213364999275657,0.0018220001365989,0.0004419579636305,0.0
xgboost,cpu,phoneme,4053,1351,5,2,3,1.113595874980092,0.0023664170876145,0.0004569999873638,0.0
lgbm,cpu,phoneme,4053,1351,5,2,0,10.910278999945149,0.0109917090740054,0.0004206248559057,0.0
lgbm,cpu,phoneme,4053,1351,5,2,1,8.47288866713643,0.0051884998101741,0.0003528750967234,0.0
lgbm,cpu,phoneme,4053,1351,5,2,2,12.123776166932656,0.0103547079488635,0.0003514168784022,0.0
lgbm,cpu,phoneme,4053,1351,5,2,3,15.91202325001359,0.0114595000632107,0.0003342500422149,0.0
random_forest,cpu,phoneme,4053,1351,5,2,0,0.386748667107895,0.0317981669213622,0.0153898340649902,0.0
random_forest,cpu,phoneme,4053,1351,5,2,1,0.1666976248379796,0.0171759168151766,0.0166002921760082,0.0
random_forest,cpu,phoneme,4053,1351,5,2,2,0.3526947500649839,0.0296064170543104,0.015075417002663,0.0
random_forest,cpu,phoneme,4053,1351,5,2,3,0.1322604578454047,0.0155664591584354,0.0166223340202122,4.440892098500626e-16
tabpfn35,cpu,phoneme,4053,1351,5,2,0,1.9099001248832792,28.000513083999977,14.144669292028992,0.0
tabpfn35,cpu,phoneme,4053,1351,5,2,1,1.4604031671769917,18.935255291871727,13.3395419169683,0.0
tabpfn35,cpu,phoneme,4053,1351,5,2,2,0.5029444589745253,18.90856929193251,16.459390749922022,0.0
tabpfn35,cpu,phoneme,4053,1351,5,2,3,0.5201743750367314,13.00072866678238,8.755455708131194,0.0
tabpfn35fast,cpu,phoneme,4053,1351,5,2,0,0.639069665921852,8.604213000042364,6.655887790955603,0.0
tabpfn35fast,cpu,phoneme,4053,1351,5,2,1,0.1887525001075118,3.9439193750731647,3.257730250013992,0.0
tabpfn35fast,cpu,phoneme,4053,1351,5,2,2,1.0434062499552963,8.367864040890709,5.990266083972529,0.0
tabpfn35fast,cpu,phoneme,4053,1351,5,2,3,0.2024123340379446,7.735730333020911,6.545222207903862,0.0
tabicl,cpu,phoneme,4053,1351,5,2,0,0.1637965000700205,2.761785625014454,1.866262292023748,2.7418136596679688e-05
tabicl,cpu,phoneme,4053,1351,5,2,1,0.1227721669711172,2.388196875108406,1.8061344590969384,1.5735626220703125e-05
tabicl,cpu,phoneme,4053,1351,5,2,2,0.1415181669872254,2.6830627091694623,1.8643052920233456,1.6748905181884766e-05
tabicl,cpu,phoneme,4053,1351,5,2,3,0.1383362500928342,2.4477949999272823,1.8322554170154035,2.2366642951965332e-05
tabfm,mps,phoneme,4053,1351,5,2,0,0.015767834149301,78.07605187501758,19.77287054201588,0.0
tabfm,mps,phoneme,4053,1351,5,2,1,0.0496541250031441,27.752223915886137,20.00854162499309,0.0
tabfm,mps,phoneme,4053,1351,5,2,2,0.0498971249908208,34.389601208036765,20.69558291696012,0.0
tabfm,mps,phoneme,4053,1351,5,2,3,0.043611958855763,26.800353209022433,17.992663625162095,0.0
tabfm,cpu,phoneme,4053,1351,5,2,0,0.0158728330861777,1316.7422246669885,766.558475791011,0.0518837869167327
catboost,cpu,page-blocks,4104,1369,10,5,0,2.2253198749385774,0.0039727080147713,0.0001643751747906,0.0
catboost,cpu,page-blocks,4105,1368,10,5,1,1.6597780000884086,0.0013856249861419,0.0001819999888539,0.0
catboost,cpu,page-blocks,4105,1368,10,5,2,0.408893708139658,0.0012498330324888,0.0001686660107225,0.0
catboost,cpu,page-blocks,4105,1368,10,5,3,1.9301269999705255,0.0018812499474734,0.0001580000389367,0.0
xgboost,cpu,page-blocks,4104,1369,10,5,0,1.1068396251648664,0.0078792499843984,0.0010250839404761,0.0
xgboost,cpu,page-blocks,4105,1368,10,5,1,3.425727583002299,0.0033071250654757,0.0007261671125888,0.0
xgboost,cpu,page-blocks,4105,1368,10,5,2,2.501515833195299,0.0022394170518964,0.0007147078868001,0.0
xgboost,cpu,page-blocks,4105,1368,10,5,3,2.7388933750335127,0.0027368750888854,0.0005762081127613,0.0
lgbm,cpu,page-blocks,4104,1369,10,5,0,1.836304958211258,0.0057942080311477,0.0003088749945163,0.0
lgbm,cpu,page-blocks,4105,1368,10,5,1,6.881322875153273,0.0165124170016497,0.0003246250562369,0.0
lgbm,cpu,page-blocks,4105,1368,10,5,2,3.9181572920642793,0.0061963750049471,0.0002832079771906,0.0
lgbm,cpu,page-blocks,4105,1368,10,5,3,3.5138848749920726,0.0082761659286916,0.0002959170378744,0.0
random_forest,cpu,page-blocks,4104,1369,10,5,0,0.3451055001933127,0.0272388339508324,0.0135072499979287,4.440892098500626e-16
random_forest,cpu,page-blocks,4105,1368,10,5,1,0.1914619170129299,0.0266663751099258,0.0139849169645458,4.440892098500626e-16
random_forest,cpu,page-blocks,4105,1368,10,5,2,0.1434878341387957,0.0143781669903546,0.015117208007723,6.661338147750939e-16
random_forest,cpu,page-blocks,4105,1368,10,5,3,0.2229610828217119,0.0269443748984485,0.0135371671058237,6.661338147750939e-16
tabpfn35,cpu,page-blocks,4104,1369,10,5,0,1.54107129201293,11.463210750138389,8.943639041855931,0.0
tabpfn35,cpu,page-blocks,4105,1368,10,5,1,0.5018836660310626,11.115376458037645,8.842069708975032,0.0
tabpfn35,cpu,page-blocks,4105,1368,10,5,2,0.4588612499646842,11.063386874971911,8.443054457893595,0.0
tabpfn35,cpu,page-blocks,4105,1368,10,5,3,0.4620793750509619,20.233912916854024,14.244473000057042,0.0
tabpfn35fast,cpu,page-blocks,4104,1369,10,5,0,0.4888832499273121,7.845279749948531,6.099165749968961,0.0
tabpfn35fast,cpu,page-blocks,4105,1368,10,5,1,0.1610041249077767,3.8044499170500785,3.0736506248358637,0.0
tabpfn35fast,cpu,page-blocks,4105,1368,10,5,2,0.1469764579087495,4.055745167192072,3.0807597080711275,0.0
tabpfn35fast,cpu,page-blocks,4105,1368,10,5,3,1.0998615408316257,4.365402624942362,3.050360166002065,0.0
tabicl,cpu,page-blocks,4104,1369,10,5,0,0.1442394580226391,2.9102811249904335,2.049565500114113,5.0067901611328125e-06
tabicl,cpu,page-blocks,4105,1368,10,5,1,0.1631010000128299,2.7512653751764446,2.065068667056039,6.9141387939453125e-06
tabicl,cpu,page-blocks,4105,1368,10,5,2,0.1285282920580357,11.940973458113149,8.817547417012975,2.0265579223632812e-06
tabicl,cpu,page-blocks,4105,1368,10,5,3,0.1314039581920951,12.398639250081033,8.660197250079364,2.384185791015625e-06
tabfm,mps,page-blocks,4104,1369,10,5,0,0.0275986669585108,57.54044691682793,19.55539487488568,0.0
tabfm,mps,page-blocks,4105,1368,10,5,1,0.0310191658791154,29.17551541584544,19.52074966696091,0.0
tabfm,mps,page-blocks,4105,1368,10,5,2,0.0312145000789314,29.92025850014761,19.125368291977793,0.0
tabfm,mps,page-blocks,4105,1368,10,5,3,0.0336452501360327,29.87717816699296,19.0360467499122,0.0
tabfm,cpu,page-blocks,4104,1369,10,5,0,0.0252637912053614,1932.775899,778.9376789170783,0.0196594297885894
catboost,cpu,mushroom,6093,2031,21,2,0,0.4205184590537101,0.0014945410657674,0.0002530000638216,0.0
catboost,cpu,mushroom,6093,2031,21,2,1,0.3153185420669615,0.0009388749022036,0.0002537090331315,0.0
catboost,cpu,mushroom,6093,2031,21,2,2,0.3187949580606073,0.0008037078659981,0.0002327498514205,0.0
catboost,cpu,mushroom,6093,2031,21,2,3,0.316762417089194,0.0008407919667661,0.0002485839650034,0.0
xgboost,cpu,mushroom,6093,2031,21,2,0,0.3516717499587685,0.0030154169071465,0.0011686249636113,0.0
xgboost,cpu,mushroom,6093,2031,21,2,1,0.5961649999953806,0.001890666084364,0.0009025828912854,0.0
xgboost,cpu,mushroom,6093,2031,21,2,2,0.5787977089639753,0.0018445418681949,0.0009368748869746,0.0
xgboost,cpu,mushroom,6093,2031,21,2,3,0.325304833939299,0.0015739169903099,0.0009906250052154,0.0
lgbm,cpu,mushroom,6093,2031,21,2,0,1.1953482499811798,0.0024060830473899,0.000342832878232,0.0
lgbm,cpu,mushroom,6093,2031,21,2,1,1.1716429591178894,0.0022553331218659,0.0004699588753283,0.0
lgbm,cpu,mushroom,6093,2031,21,2,2,1.2215004169847816,0.0021802091505378,0.0003581659402698,0.0
lgbm,cpu,mushroom,6093,2031,21,2,3,1.1698132921010256,0.0024012080393731,0.0004364161286503,0.0
random_forest,cpu,mushroom,6093,2031,21,2,0,0.1936318341176957,0.0253607500344514,0.0144996249582618,5.551115123125785e-16
random_forest,cpu,mushroom,6093,2031,21,2,1,0.1684286249801516,0.0244651248212903,0.0137187500949949,4.440892098500626e-16
random_forest,cpu,mushroom,6093,2031,21,2,2,0.1873873749282211,0.0256357919424772,0.0146619589067995,4.440892098500626e-16
random_forest,cpu,mushroom,6093,2031,21,2,3,0.1689567079301923,0.0241529170889407,0.0144009999930858,4.440892098500626e-16
tabpfn35,cpu,mushroom,6093,2031,21,2,0,1.8456360830459744,20.221062749857083,15.499629040947184,0.0
tabpfn35,cpu,mushroom,6093,2031,21,2,1,0.4758696248754859,19.002379541983828,14.723985916003585,0.0
tabpfn35,cpu,mushroom,6093,2031,21,2,2,0.4712961660698056,19.05086037493311,13.634615166811273,0.0
tabpfn35,cpu,mushroom,6093,2031,21,2,3,0.44526695786044,17.970236500026658,14.181956709129736,0.0
tabpfn35fast,cpu,mushroom,6093,2031,21,2,0,0.5012540000025183,8.58059583301656,6.869416375178844,0.0
tabpfn35fast,cpu,mushroom,6093,2031,21,2,1,0.2076465000864118,9.0691811661236,6.7454774170182645,0.0
tabpfn35fast,cpu,mushroom,6093,2031,21,2,2,0.1758578750304877,8.702165582915768,7.501186250010505,0.0
tabpfn35fast,cpu,mushroom,6093,2031,21,2,3,0.1832965831272304,8.928719624876976,6.900575250154361,0.0
tabicl,cpu,mushroom,6093,2031,21,2,0,0.646753917215392,7.350034917006269,5.474495874950662,8.294591680169106e-10
tabicl,cpu,mushroom,6093,2031,21,2,1,0.1667256250511855,8.099280416034162,5.637573041021824,4.9112713895738125e-11
tabicl,cpu,mushroom,6093,2031,21,2,2,0.1636705838609486,7.583584625041112,5.966353625059128,8.549250196665524e-11
tabicl,cpu,mushroom,6093,2031,21,2,3,0.1599872079677879,7.552819834090769,4.975092957960442,3.201421350240707e-09
tabfm,mps,mushroom,6093,2031,21,2,0,13.942920750007032,46.65572987496853,29.903187958989292,0.0
tabfm,mps,mushroom,6093,2031,21,2,1,0.0859046669211238,48.684265499934554,30.604670791886747,0.0
tabfm,mps,mushroom,6093,2031,21,2,2,0.0860672499984502,47.62383187492378,28.79377687512897,0.0
tabfm,mps,mushroom,6093,2031,21,2,3,0.0654319589957594,48.8417555000633,31.677004874916747,0.0
tabfm,cpu,mushroom,6093,2031,21,2,0,14.76344804209657,2121.0099582499824,1390.5467480418738,0.0001118420113925
catboost,cpu,volcanoes-c1,7500,2500,3,5,0,0.3427414170000702,0.0018218748737126,0.0001159999519586,0.0
catboost,cpu,volcanoes-c1,7500,2500,3,5,1,0.1919629578478634,0.0016397919971495,0.0001035411842167,0.0
catboost,cpu,volcanoes-c1,7500,2500,3,5,2,0.4591223751194775,0.001767124980688,0.0001173329073935,0.0
catboost,cpu,volcanoes-c1,7500,2500,3,5,3,0.0998806250281632,0.0017622089944779,0.0001112921163439,0.0
xgboost,cpu,volcanoes-c1,7500,2500,3,5,0,1.703308125026524,0.0050213341601192,0.0006335829384624,0.0
xgboost,cpu,volcanoes-c1,7500,2500,3,5,1,0.890449124854058,0.0018150000832974,0.000480833929032,0.0
xgboost,cpu,volcanoes-c1,7500,2500,3,5,2,1.427057957975194,0.0029296248685568,0.0005482910200953,0.0
xgboost,cpu,volcanoes-c1,7500,2500,3,5,3,1.3648409999441355,0.0023398750927299,0.0005552498623728,0.0
lgbm,cpu,volcanoes-c1,7500,2500,3,5,0,5.5321135418489575,0.0216857909690588,0.0003708337899297,0.0
lgbm,cpu,volcanoes-c1,7500,2500,3,5,1,2.040669374866411,0.0069324171636253,0.0004187917802482,0.0
lgbm,cpu,volcanoes-c1,7500,2500,3,5,2,5.984662665985525,0.019751459127292,0.0003303331322968,0.0
lgbm,cpu,volcanoes-c1,7500,2500,3,5,3,0.9943648751359432,0.0030539592262357,0.0003829158376902,0.0
random_forest,cpu,volcanoes-c1,7500,2500,3,5,0,0.1901274169795215,0.0139079589862376,0.0167502090334892,5.551115123125785e-16
random_forest,cpu,volcanoes-c1,7500,2500,3,5,1,0.343904374865815,0.0378277089912444,0.0167372089345008,6.661338147750939e-16
random_forest,cpu,volcanoes-c1,7500,2500,3,5,2,0.3462321660481393,0.0322198329959064,0.0135682499967515,6.661338147750939e-16
random_forest,cpu,volcanoes-c1,7500,2500,3,5,3,0.4711654169950634,0.0413425408769398,0.0180991250090301,9.992007221626409e-16
tabpfn35,cpu,volcanoes-c1,7500,2500,3,5,0,1.76132820895873,41.82787441601977,31.993485666811463,0.0
tabpfn35,cpu,volcanoes-c1,7500,2500,3,5,1,0.7831414579413831,86.95948504214175,165.75710649997927,0.0
tabpfn35,cpu,volcanoes-c1,7500,2500,3,5,2,0.8950046659447253,73.87748395907693,56.44383175019175,0.0
tabpfn35,cpu,volcanoes-c1,7500,2500,3,5,3,0.8932883751112968,74.09269929095171,56.846313582966104,0.0
tabpfn35fast,cpu,volcanoes-c1,7500,2500,3,5,0,0.6045043750200421,53.50745179201476,40.30654345895164,0.0
tabpfn35fast,cpu,volcanoes-c1,7500,2500,3,5,1,0.3411037500482052,53.374362209113315,39.81062683300115,0.0
tabpfn35fast,cpu,volcanoes-c1,7500,2500,3,5,2,0.3454204169102013,52.34909679205157,39.53452887502499,0.0
tabpfn35fast,cpu,volcanoes-c1,7500,2500,3,5,3,0.3559565409086644,52.71712000016123,39.716637125005946,0.0
tabicl,cpu,volcanoes-c1,7500,2500,3,5,0,0.8299972910899669,18.233747666934505,14.4507389171049,1.1026859283447266e-06
tabicl,cpu,volcanoes-c1,7500,2500,3,5,1,0.2290367500390857,37.40484037506394,29.11980583309196,6.556510925292969e-07
tabicl,cpu,volcanoes-c1,7500,2500,3,5,2,0.2324317079037428,37.5200703330338,29.05288895801641,1.728534698486328e-06
tabicl,cpu,volcanoes-c1,7500,2500,3,5,3,0.2287239579018205,19.863579250173643,15.18015008396469,1.6093254089355469e-06
tabfm,mps,volcanoes-c1,7500,2500,3,5,0,11.789279124932364,117.85180566716008,70.7514430838637,0.0
tabfm,mps,volcanoes-c1,7500,2500,3,5,1,0.0181446250062435,145.06778312497772,79.40123054198921,0.0
tabfm,mps,volcanoes-c1,7500,2500,3,5,2,0.0175451671238988,145.88010679208674,75.6649807500653,0.0
tabfm,mps,volcanoes-c1,7500,2500,3,5,3,0.0506948749534785,119.59241029201075,38.87906129099429,0.0
tabfm,cpu,volcanoes-c1,7500,2500,3,5,0,13.314132124884054,6258.276755209081,2818.6166300000623,0.0051255822181701
catboost,cpu,nursery-4class,7500,2500,8,4,0,0.3681816249154508,0.0022671250626444,0.0002439999952912,0.0
catboost,cpu,nursery-4class,7500,2500,8,4,1,0.2832581249531358,0.0014872909523546,0.0001550419256091,0.0
catboost,cpu,nursery-4class,7500,2500,8,4,2,0.2718532090075314,0.0015279578510671,0.0001503329258412,0.0
catboost,cpu,nursery-4class,7500,2500,8,4,3,0.283812667010352,0.0014328330289572,0.0001470840070396,0.0
xgboost,cpu,nursery-4class,7500,2500,8,4,0,1.7884487500414252,0.0040609168354421,0.0007669168990105,0.0
xgboost,cpu,nursery-4class,7500,2500,8,4,1,1.5956904999911783,0.0025632078759372,0.0008310410194098,0.0
xgboost,cpu,nursery-4class,7500,2500,8,4,2,0.7893670829944313,0.0021758750081062,0.0007084580138325,0.0
xgboost,cpu,nursery-4class,7500,2500,8,4,3,1.5111380408052355,0.0027556249406188,0.0007625829894095,0.0
lgbm,cpu,nursery-4class,7500,2500,8,4,0,3.5915284170769155,0.0127353749703615,0.0005179170984774,3.3306690738754696e-16
lgbm,cpu,nursery-4class,7500,2500,8,4,1,5.596772375050932,0.0121221670415252,0.0003286250866949,0.0
lgbm,cpu,nursery-4class,7500,2500,8,4,2,2.5007750000804663,0.0084972919430583,0.0003959171008318,0.0
lgbm,cpu,nursery-4class,7500,2500,8,4,3,5.59629112505354,0.0123004580382257,0.000361458165571,2.220446049250313e-16
random_forest,cpu,nursery-4class,7500,2500,8,4,0,0.2904435419477522,0.0387449162080884,0.0139276250265538,0.0
random_forest,cpu,nursery-4class,7500,2500,8,4,1,0.2591844580601901,0.0354544171132147,0.0140318749472498,3.469446951953614e-18
random_forest,cpu,nursery-4class,7500,2500,8,4,2,0.2665392919443548,0.0377357499673962,0.0143226250074803,3.3306690738754696e-16
random_forest,cpu,nursery-4class,7500,2500,8,4,3,0.1253203330561518,0.0278351670131087,0.0128893330693244,4.440892098500626e-16
tabpfn35,cpu,nursery-4class,7500,2500,8,4,0,2.027310667093843,27.570616082986817,17.69153062487021,0.0
tabpfn35,cpu,nursery-4class,7500,2500,8,4,1,0.5309331670869142,46.043365583056584,36.73657637508586,0.0
tabpfn35,cpu,nursery-4class,7500,2500,8,4,2,0.4579651670064777,23.833092249929905,17.75340500008315,0.0
tabpfn35,cpu,nursery-4class,7500,2500,8,4,3,0.4530629999935627,23.338078083936125,17.739103958010674,0.0
tabpfn35fast,cpu,nursery-4class,7500,2500,8,4,0,0.567322582937777,18.274531124858186,13.806037791073322,0.0
tabpfn35fast,cpu,nursery-4class,7500,2500,8,4,1,0.1661188749130815,9.062808291055262,6.910525874933228,0.0
tabpfn35fast,cpu,nursery-4class,7500,2500,8,4,2,0.17235799995251,18.22984633385204,13.410787041997535,0.0
tabpfn35fast,cpu,nursery-4class,7500,2500,8,4,3,0.1809326249640435,17.311242083087564,13.343213625019416,0.0
tabicl,cpu,nursery-4class,7500,2500,8,4,0,0.70641208300367,14.642280417028816,10.171718833968043,1.049041748046875e-05
tabicl,cpu,nursery-4class,7500,2500,8,4,1,0.1317095418926328,6.725824541877955,5.039088249905035,1.7434358596801758e-06
tabicl,cpu,nursery-4class,7500,2500,8,4,2,0.1162753328680992,6.552725833142176,4.984776665922254,1.4919787645339966e-06
tabicl,cpu,nursery-4class,7500,2500,8,4,3,0.1255763329099863,7.11819824995473,4.986325375037268,3.5762786865234375e-06
tabfm,mps,nursery-4class,7500,2500,8,4,0,12.115273583913222,42.4459545831196,23.61186150019057,0.0
tabfm,mps,nursery-4class,7500,2500,8,4,1,0.0330475841183215,56.329340583179146,24.20556537504308,0.0
tabfm,mps,nursery-4class,7500,2500,8,4,2,0.041112125152722,42.790386124979705,23.56234800000675,0.0
tabfm,mps,nursery-4class,7500,2500,8,4,3,0.0330718329641968,42.1160956248641,23.487997625023127,0.0
tabfm,cpu,nursery-4class,7500,2500,8,4,0,13.46580345905386,2526.201026957948,1068.5942754170392,0.0107025429606437
