dataset,fold,seed,pr_auc,stored
abalone-3class,0,0,0.6957,0.66094
abalone-3class,0,1,0.5891,0.66094
abalone-3class,0,2,0.63534,0.66094
abalone-3class,0,3,0.68575,0.66094
abalone-3class,0,4,0.57976,0.66094
abalone-3class,1,0,0.61392,0.63571
abalone-3class,1,1,0.64315,0.63571
abalone-3class,1,2,0.69378,0.63571
abalone-3class,1,3,0.65717,0.63571
abalone-3class,1,4,0.6711,0.63571
abalone-3class,2,0,0.66984,0.71319
abalone-3class,2,1,0.63369,0.71319
abalone-3class,2,2,0.56169,0.71319
abalone-3class,2,3,0.66584,0.71319
abalone-3class,2,4,0.5576,0.71319
abalone-3class,3,0,0.67899,0.6651
abalone-3class,3,1,0.62594,0.6651
abalone-3class,3,2,0.51421,0.6651
abalone-3class,3,3,0.63132,0.6651
abalone-3class,3,4,0.64302,0.6651
volcanoes-a3,0,0,0.92378,0.92378
volcanoes-a3,0,1,0.92676,0.92378
volcanoes-a3,0,2,0.89182,0.92378
volcanoes-a3,0,3,0.90869,0.92378
volcanoes-a3,0,4,0.9064,0.92378
volcanoes-a3,1,0,0.91749,0.91749
volcanoes-a3,1,1,0.9018,0.91749
volcanoes-a3,1,2,0.90546,0.91749
volcanoes-a3,1,3,0.91418,0.91749
volcanoes-a3,1,4,0.90235,0.91749
volcanoes-a3,2,0,0.91276,0.91276
volcanoes-a3,2,1,0.90436,0.91276
volcanoes-a3,2,2,0.90629,0.91276
volcanoes-a3,2,3,0.91311,0.91276
volcanoes-a3,2,4,0.8968,0.91276
volcanoes-a3,3,0,0.92203,0.92203
volcanoes-a3,3,1,0.87826,0.92203
volcanoes-a3,3,2,0.9114,0.92203
volcanoes-a3,3,3,0.8977,0.92203
volcanoes-a3,3,4,0.93048,0.92203
